dteday,season,yr,mnth,hr,holiday,weekday,weathersit,temp,atemp,hum,windspeed,casual,registered,cnt
01-01-2011,1,0,1,0,False,6,1,0.24,0.2879,0.81,0.0,3,13,16
01-01-2011,1,0,1,1,False,6,1,0.22,0.2727,0.8,0.0,8,32,40
01-01-2011,1,0,1,2,False,6,1,0.22,0.2727,0.8,0.0,5,27,32
01-01-2011,1,0,1,3,False,6,1,0.24,0.2879,0.75,0.0,3,10,13
01-01-2011,1,0,1,4,False,6,1,0.24,0.2879,0.75,0.0,0,1,1
01-01-2011,1,0,1,5,False,6,2,0.24,0.2576,0.75,0.0896,0,1,1
01-01-2011,1,0,1,6,False,6,1,0.22,0.2727,0.8,0.0,2,0,2
01-01-2011,1,0,1,7,False,6,1,0.2,0.2576,0.86,0.0,1,2,3
01-01-2011,1,0,1,8,False,6,1,0.24,0.197,0.75,0.0,1,7,8
01-01-2011,1,0,1,9,False,6,1,0.32,0.3485,0.76,0.0,8,6,14
01-01-2011,1,0,1,10,False,6,1,0.38,0.3939,0.76,0.2537,12,24,36
01-01-2011,1,0,1,11,False,6,1,0.36,0.3333,0.81,0.2836,26,30,56
01-01-2011,1,0,1,12,False,6,1,0.42,0.4242,0.77,0.2836,29,55,84
01-01-2011,1,0,1,13,False,6,2,0.46,0.4545,0.72,0.2985,47,47,94
01-01-2011,1,0,1,14,False,6,2,0.46,0.4545,0.72,0.2836,35,71,106
01-01-2011,1,0,1,15,False,6,2,0.44,0.4394,0.77,0.2985,40,70,110
01-01-2011,1,0,1,16,False,6,2,0.42,0.4242,0.82,0.2985,41,52,93
01-01-2011,1,0,1,17,False,6,2,0.44,0.197,0.82,0.2836,15,52,67
01-01-2011,1,0,1,18,False,6,3,0.42,0.4242,0.88,0.2537,9,26,35
01-01-2011,1,0,1,19,False,6,3,0.42,0.4242,0.88,0.2537,6,31,37
01-01-2011,1,0,1,20,False,6,2,0.4,0.4091,0.87,0.2537,11,25,36
01-01-2011,1,0,1,21,False,6,2,0.4,0.4091,0.87,0.194,3,31,34
01-01-2011,1,0,1,22,False,6,2,0.4,0.4091,0.94,0.2239,11,17,28
01-01-2011,1,0,1,23,False,6,2,0.46,0.197,0.88,0.2985,15,24,39
02-01-2011,1,0,1,0,False,0,2,0.46,0.4545,0.88,0.2985,4,13,17
02-01-2011,1,0,1,1,False,0,2,0.44,0.4394,0.94,0.2537,1,16,17
02-01-2011,1,0,1,2,False,0,2,0.42,0.4242,1.0,0.2836,1,8,9
02-01-2011,1,0,1,3,False,0,2,0.46,0.4545,0.94,0.194,2,4,6
02-01-2011,1,0,1,4,False,0,2,0.46,0.197,0.94,0.194,2,1,3
02-01-2011,1,0,1,6,False,0,3,0.42,0.4242,0.77,0.2985,0,2,2
02-01-2011,1,0,1,7,False,0,2,0.4,0.4091,0.76,0.194,0,1,1
02-01-2011,1,0,1,8,False,0,3,0.4,0.4091,0.71,0.2239,0,8,8
02-01-2011,1,0,1,9,False,0,2,0.38,0.197,0.76,0.2239,1,19,20
02-01-2011,1,0,1,10,False,0,2,0.36,0.3485,0.81,0.2239,7,46,53
02-01-2011,1,0,1,11,False,0,2,0.36,0.3333,0.71,0.2537,16,54,70
02-01-2011,1,0,1,12,False,0,2,0.36,0.3333,0.66,0.2985,20,73,93
02-01-2011,1,0,1,13,False,0,2,0.36,0.3485,0.66,0.1343,11,64,75
02-01-2011,1,0,1,14,False,0,3,0.36,0.197,0.76,0.194,4,55,59
02-01-2011,1,0,1,15,False,0,3,0.34,0.3333,0.81,0.1642,19,55,74
02-01-2011,1,0,1,16,False,0,3,0.34,0.3333,0.71,0.1642,9,67,76
02-01-2011,1,0,1,17,False,0,1,0.34,0.3333,0.57,0.194,7,58,65
02-01-2011,1,0,1,18,False,0,2,0.36,0.3333,0.46,0.3284,10,43,53
02-01-2011,1,0,1,19,False,0,1,0.32,0.2879,0.42,0.4478,1,29,30
02-01-2011,1,0,1,20,False,0,1,0.3,0.197,0.39,0.3582,5,17,22
02-01-2011,1,0,1,21,False,0,1,0.26,0.2273,0.44,0.3284,11,20,31
02-01-2011,1,0,1,22,False,0,1,0.24,0.2121,0.44,0.2985,0,9,9
02-01-2011,1,0,1,23,False,0,1,0.22,0.2273,0.47,0.1642,0,8,8
03-01-2011,1,0,1,0,False,1,1,0.22,0.197,0.44,0.3582,0,5,5
03-01-2011,1,0,1,1,False,1,1,0.2,0.197,0.44,0.4179,0,2,2
03-01-2011,1,0,1,4,False,1,1,0.16,0.1364,0.47,0.3881,0,1,1
03-01-2011,1,0,1,5,False,1,1,0.16,0.1364,0.47,0.2836,0,3,3
03-01-2011,1,0,1,6,False,1,1,0.14,0.1061,0.5,0.3881,0,30,30
03-01-2011,1,0,1,7,False,1,1,0.14,0.1364,0.5,0.194,1,63,64
03-01-2011,1,0,1,8,False,1,1,0.14,0.1212,0.5,0.2836,1,153,154
03-01-2011,1,0,1,9,False,1,1,0.16,0.1364,0.43,0.3881,7,81,88
03-01-2011,1,0,1,10,False,1,1,0.18,0.1667,0.43,0.2537,11,33,44
03-01-2011,1,0,1,11,False,1,1,0.2,0.1818,0.4,0.3284,10,41,51
03-01-2011,1,0,1,12,False,1,1,0.22,0.2121,0.35,0.2985,13,48,61
03-01-2011,1,0,1,13,False,1,1,0.24,0.197,0.35,0.2836,8,53,61
03-01-2011,1,0,1,14,False,1,1,0.26,0.2424,0.3,0.2836,11,66,77
03-01-2011,1,0,1,15,False,1,1,0.26,0.2424,0.3,0.2537,14,58,72
03-01-2011,1,0,1,16,False,1,1,0.26,0.2424,0.3,0.2537,9,67,76
03-01-2011,1,0,1,17,False,1,1,0.24,0.2273,0.3,0.2239,11,146,157
03-01-2011,1,0,1,18,False,1,1,0.24,0.2576,0.32,0.1045,9,148,157
03-01-2011,1,0,1,19,False,1,1,0.2,0.2576,0.47,0.0,8,102,110
03-01-2011,1,0,1,20,False,1,1,0.2,0.197,0.47,0.1045,3,49,52
03-01-2011,1,0,1,21,False,1,1,0.18,0.197,0.64,0.1343,3,49,52
03-01-2011,1,0,1,22,False,1,1,0.14,0.1515,0.69,0.1343,0,20,20
03-01-2011,1,0,1,23,False,1,1,0.18,0.2121,0.55,0.1045,1,11,12
04-01-2011,1,0,1,0,False,2,1,0.16,0.197,0.55,0.1045,0,5,5
04-01-2011,1,0,1,1,False,2,1,0.16,0.1818,0.59,0.1045,0,2,2
04-01-2011,1,0,1,2,False,2,1,0.14,0.1515,0.63,0.1343,0,1,1
04-01-2011,1,0,1,4,False,2,1,0.14,0.1818,0.63,0.0896,0,2,2
04-01-2011,1,0,1,5,False,2,1,0.12,0.1515,0.68,0.1045,0,4,4
04-01-2011,1,0,1,6,False,2,1,0.12,0.1515,0.74,0.1045,0,36,36
04-01-2011,1,0,1,7,False,2,1,0.12,0.1515,0.74,0.1343,2,92,94
04-01-2011,1,0,1,8,False,2,1,0.14,0.1515,0.69,0.1642,2,177,179
04-01-2011,1,0,1,9,False,2,1,0.16,0.1515,0.64,0.2239,2,98,100
04-01-2011,1,0,1,10,False,2,2,0.16,0.1364,0.69,0.3284,5,37,42
04-01-2011,1,0,1,11,False,2,1,0.22,0.2121,0.51,0.2985,7,50,57
04-01-2011,1,0,1,12,False,2,1,0.22,0.2273,0.51,0.1642,12,66,78
04-01-2011,1,0,1,13,False,2,1,0.24,0.2273,0.56,0.194,18,79,97
04-01-2011,1,0,1,14,False,2,1,0.26,0.2576,0.52,0.2239,9,54,63
04-01-2011,1,0,1,15,False,2,1,0.28,0.2727,0.52,0.2537,17,48,65
04-01-2011,1,0,1,16,False,2,1,0.3,0.2879,0.49,0.2537,15,68,83
04-01-2011,1,0,1,17,False,2,1,0.28,0.2727,0.48,0.2239,10,202,212
04-01-2011,1,0,1,18,False,2,1,0.26,0.2576,0.48,0.194,3,179,182
04-01-2011,1,0,1,19,False,2,1,0.24,0.2576,0.48,0.1045,2,110,112
04-01-2011,1,0,1,20,False,2,1,0.24,0.2576,0.48,0.1045,1,53,54
04-01-2011,1,0,1,21,False,2,1,0.22,0.2727,0.64,0.0,0,48,48
04-01-2011,1,0,1,22,False,2,1,0.22,0.2576,0.64,0.0896,1,34,35
04-01-2011,1,0,1,23,False,2,1,0.2,0.2273,0.69,0.0896,2,9,11
05-01-2011,1,0,1,0,False,3,1,0.2,0.2576,0.64,0.0,0,6,6
05-01-2011,1,0,1,1,False,3,1,0.16,0.197,0.74,0.0896,0,6,6
05-01-2011,1,0,1,2,False,3,1,0.16,0.197,0.74,0.0896,0,2,2
05-01-2011,1,0,1,4,False,3,1,0.24,0.2273,0.48,0.2239,0,2,2
05-01-2011,1,0,1,5,False,3,1,0.22,0.2273,0.47,0.1642,0,3,3
05-01-2011,1,0,1,6,False,3,1,0.2,0.197,0.47,0.2239,0,33,33
05-01-2011,1,0,1,7,False,3,1,0.18,0.1818,0.43,0.194,1,87,88
05-01-2011,1,0,1,8,False,3,1,0.2,0.1818,0.4,0.2985,3,192,195
05-01-2011,1,0,1,9,False,3,1,0.22,0.197,0.37,0.3284,6,109,115
05-01-2011,1,0,1,10,False,3,1,0.22,0.197,0.37,0.3284,4,53,57
05-01-2011,1,0,1,11,False,3,1,0.26,0.2273,0.33,0.3284,12,34,46
05-01-2011,1,0,1,12,False,3,1,0.26,0.2273,0.33,0.3284,5,74,79
05-01-2011,1,0,1,13,False,3,1,0.28,0.2576,0.3,0.2985,6,65,71
05-01-2011,1,0,1,14,False,3,1,0.3,0.2879,0.28,0.194,10,52,62
05-01-2011,1,0,1,15,False,3,1,0.3,0.2879,0.28,0.194,7,55,62
05-01-2011,1,0,1,16,False,3,1,0.3,0.3182,0.28,0.0896,4,85,89
05-01-2011,1,0,1,17,False,3,1,0.24,0.2273,0.38,0.194,4,186,190
05-01-2011,1,0,1,18,False,3,1,0.24,0.2424,0.38,0.1343,3,166,169
05-01-2011,1,0,1,19,False,3,1,0.24,0.2576,0.38,0.1045,5,127,132
05-01-2011,1,0,1,20,False,3,1,0.22,0.2273,0.47,0.1642,7,82,89
05-01-2011,1,0,1,21,False,3,1,0.2,0.197,0.51,0.194,3,40,43
05-01-2011,1,0,1,22,False,3,1,0.18,0.197,0.55,0.1343,1,41,42
05-01-2011,1,0,1,23,False,3,1,0.2,0.2576,0.47,0.0,1,18,19
06-01-2011,1,0,1,0,False,4,1,0.18,0.2424,0.55,0.0,0,11,11
06-01-2011,1,0,1,1,False,4,1,0.16,0.2273,0.64,0.0,0,4,4
06-01-2011,1,0,1,2,False,4,1,0.16,0.2273,0.64,0.0,0,2,2
06-01-2011,1,0,1,4,False,4,2,0.16,0.197,0.64,0.0896,0,1,1
06-01-2011,1,0,1,5,False,4,2,0.14,0.1818,0.69,0.0896,0,4,4
06-01-2011,1,0,1,6,False,4,2,0.14,0.1667,0.63,0.1045,0,36,36
06-01-2011,1,0,1,7,False,4,2,0.16,0.2273,0.59,0.0,0,95,95
06-01-2011,1,0,1,8,False,4,1,0.16,0.2273,0.59,0.0,3,216,219
06-01-2011,1,0,1,9,False,4,2,0.18,0.2424,0.51,0.0,6,116,122
06-01-2011,1,0,1,10,False,4,1,0.2,0.2576,0.47,0.0,3,42,45
06-01-2011,1,0,1,11,False,4,1,0.22,0.2576,0.44,0.0896,2,57,59
06-01-2011,1,0,1,12,False,4,1,0.26,0.2879,0.35,0.0,6,78,84
06-01-2011,1,0,1,13,False,4,1,0.26,0.2727,0.35,0.1045,12,55,67
06-01-2011,1,0,1,14,False,4,1,0.28,0.2727,0.36,0.1642,11,59,70
06-01-2011,1,0,1,15,False,4,1,0.28,0.2727,0.36,0.0,8,54,62
06-01-2011,1,0,1,16,False,4,1,0.26,0.2576,0.38,0.1642,12,74,86
06-01-2011,1,0,1,17,False,4,1,0.22,0.2273,0.51,0.1642,9,163,172
06-01-2011,1,0,1,18,False,4,1,0.22,0.2273,0.51,0.1343,5,158,163
06-01-2011,1,0,1,19,False,4,1,0.22,0.2576,0.55,0.0896,3,109,112
06-01-2011,1,0,1,20,False,4,1,0.2,0.2121,0.51,0.1642,3,66,69
06-01-2011,1,0,1,21,False,4,2,0.22,0.2121,0.55,0.2239,0,48,48
06-01-2011,1,0,1,22,False,4,2,0.22,0.2121,0.51,0.2836,1,51,52
06-01-2011,1,0,1,23,False,4,2,0.2,0.197,0.59,0.194,4,19,23
07-01-2011,1,0,1,0,False,5,2,0.2,0.197,0.64,0.194,4,13,17
07-01-2011,1,0,1,1,False,5,2,0.2,0.197,0.69,0.2239,2,5,7
07-01-2011,1,0,1,2,False,5,2,0.2,0.197,0.69,0.2239,0,1,1
07-01-2011,1,0,1,4,False,5,2,0.2,0.2121,0.69,0.1343,0,1,1
07-01-2011,1,0,1,5,False,5,3,0.22,0.2727,0.55,0.0,0,5,5
07-01-2011,1,0,1,6,False,5,2,0.2,0.2576,0.69,0.0,8,26,34
07-01-2011,1,0,1,7,False,5,1,0.2,0.2121,0.69,0.1343,8,76,84
07-01-2011,1,0,1,8,False,5,1,0.2,0.197,0.51,0.2537,20,190,210
07-01-2011,1,0,1,9,False,5,1,0.2,0.1818,0.47,0.2985,9,125,134
07-01-2011,1,0,1,10,False,5,1,0.22,0.197,0.37,0.3284,16,47,63
07-01-2011,1,0,1,11,False,5,2,0.2,0.197,0.4,0.2239,19,48,67
07-01-2011,1,0,1,12,False,5,2,0.2,0.197,0.37,0.2537,9,50,59
07-01-2011,1,0,1,13,False,5,2,0.2,0.1818,0.37,0.2836,9,64,73
07-01-2011,1,0,1,14,False,5,2,0.2,0.197,0.4,0.2537,7,43,50
07-01-2011,1,0,1,15,False,5,2,0.2,0.2121,0.37,0.1642,9,63,72
07-01-2011,1,0,1,16,False,5,2,0.2,0.2121,0.37,0.1642,5,82,87
07-01-2011,1,0,1,17,False,5,2,0.2,0.2576,0.37,0.0,9,178,187
07-01-2011,1,0,1,18,False,5,1,0.2,0.2273,0.4,0.0896,7,116,123
07-01-2011,1,0,1,19,False,5,1,0.16,0.197,0.55,0.0896,3,92,95
07-01-2011,1,0,1,20,False,5,1,0.18,0.2121,0.47,0.1045,1,50,51
07-01-2011,1,0,1,21,False,5,1,0.18,0.197,0.47,0.1343,0,39,39
07-01-2011,1,0,1,22,False,5,2,0.18,0.197,0.43,0.1642,2,34,36
07-01-2011,1,0,1,23,False,5,2,0.18,0.197,0.51,0.1642,1,14,15
08-01-2011,1,0,1,0,False,6,2,0.18,0.197,0.51,0.1642,1,24,25
08-01-2011,1,0,1,1,False,6,2,0.18,0.2121,0.55,0.0896,1,15,16
08-01-2011,1,0,1,2,False,6,2,0.18,0.2424,0.55,0.0,3,13,16
08-01-2011,1,0,1,3,False,6,3,0.18,0.197,0.55,0.1642,0,7,7
08-01-2011,1,0,1,4,False,6,3,0.18,0.197,0.55,0.1642,0,1,1
08-01-2011,1,0,1,5,False,6,2,0.16,0.1667,0.74,0.1642,0,5,5
08-01-2011,1,0,1,6,False,6,2,0.16,0.1667,0.74,0.1642,0,2,2
08-01-2011,1,0,1,7,False,6,2,0.16,0.1818,0.74,0.1045,1,8,9
08-01-2011,1,0,1,8,False,6,3,0.16,0.1818,0.93,0.1045,0,15,15
08-01-2011,1,0,1,9,False,6,3,0.16,0.1818,0.93,0.1045,0,20,20
08-01-2011,1,0,1,10,False,6,2,0.18,0.197,0.8,0.1642,5,56,61
08-01-2011,1,0,1,11,False,6,2,0.2,0.1818,0.69,0.3881,2,60,62
08-01-2011,1,0,1,12,False,6,2,0.2,0.1818,0.59,0.3582,8,90,98
08-01-2011,1,0,1,13,False,6,1,0.2,0.1818,0.44,0.3284,7,95,102
08-01-2011,1,0,1,14,False,6,1,0.2,0.1667,0.32,0.4925,12,83,95
08-01-2011,1,0,1,15,False,6,1,0.2,0.1667,0.32,0.4478,5,69,74
08-01-2011,1,0,1,16,False,6,1,0.18,0.1364,0.29,0.4478,8,68,76
08-01-2011,1,0,1,17,False,6,1,0.16,0.1212,0.37,0.5522,5,64,69
08-01-2011,1,0,1,18,False,6,1,0.14,0.1212,0.39,0.2985,3,52,55
08-01-2011,1,0,1,19,False,6,1,0.14,0.1212,0.36,0.2537,4,26,30
08-01-2011,1,0,1,20,False,6,1,0.12,0.1212,0.36,0.2537,0,28,28
08-01-2011,1,0,1,21,False,6,1,0.12,0.1061,0.39,0.3582,2,35,37
08-01-2011,1,0,1,22,False,6,1,0.12,0.1061,0.36,0.3881,1,33,34
08-01-2011,1,0,1,23,False,6,1,0.1,0.0606,0.39,0.4478,0,22,22
09-01-2011,1,0,1,0,False,0,1,0.1,0.0758,0.42,0.3881,1,24,25
09-01-2011,1,0,1,1,False,0,1,0.1,0.0606,0.42,0.4627,0,12,12
09-01-2011,1,0,1,2,False,0,1,0.1,0.0606,0.46,0.4627,0,11,11
09-01-2011,1,0,1,3,False,0,1,0.1,0.0758,0.46,0.4179,0,4,4
09-01-2011,1,0,1,4,False,0,1,0.08,0.0909,0.53,0.194,0,1,1
09-01-2011,1,0,1,5,False,0,1,0.08,0.0909,0.53,0.194,0,1,1
09-01-2011,1,0,1,6,False,0,1,0.1,0.0909,0.49,0.2836,0,1,1
09-01-2011,1,0,1,7,False,0,1,0.08,0.0909,0.53,0.194,1,5,6
09-01-2011,1,0,1,8,False,0,1,0.1,0.0909,0.49,0.2836,0,10,10
09-01-2011,1,0,1,9,False,0,1,0.12,0.0758,0.46,0.5224,0,19,19
09-01-2011,1,0,1,10,False,0,1,0.14,0.1061,0.43,0.3881,0,49,49
09-01-2011,1,0,1,11,False,0,1,0.16,0.1212,0.4,0.5224,2,47,49
09-01-2011,1,0,1,12,False,0,1,0.18,0.1364,0.37,0.4478,4,79,83
09-01-2011,1,0,1,13,False,0,1,0.2,0.1667,0.34,0.4478,6,69,75
09-01-2011,1,0,1,14,False,0,1,0.22,0.1818,0.32,0.4627,8,64,72
09-01-2011,1,0,1,15,False,0,1,0.22,0.197,0.35,0.3582,5,77,82
09-01-2011,1,0,1,16,False,0,1,0.2,0.1667,0.34,0.4478,13,79,92
09-01-2011,1,0,1,17,False,0,1,0.18,0.1515,0.37,0.3881,3,59,62
09-01-2011,1,0,1,18,False,0,1,0.16,0.1364,0.4,0.3284,4,44,48
09-01-2011,1,0,1,19,False,0,1,0.16,0.1364,0.43,0.3284,1,40,41
09-01-2011,1,0,1,20,False,0,1,0.14,0.1212,0.46,0.2537,0,38,38
09-01-2011,1,0,1,21,False,0,1,0.14,0.1061,0.46,0.4179,1,19,20
09-01-2011,1,0,1,22,False,0,1,0.14,0.1212,0.46,0.2985,5,10,15
09-01-2011,1,0,1,23,False,0,1,0.12,0.1364,0.5,0.194,0,6,6
10-01-2011,1,0,1,0,False,1,1,0.12,0.1212,0.5,0.2836,2,3,5
10-01-2011,1,0,1,1,False,1,1,0.12,0.1212,0.5,0.2836,1,0,1
10-01-2011,1,0,1,2,False,1,1,0.12,0.1212,0.5,0.2239,0,3,3
10-01-2011,1,0,1,3,False,1,1,0.12,0.1212,0.5,0.2239,0,1,1
10-01-2011,1,0,1,4,False,1,1,0.1,0.1212,0.54,0.1343,1,2,3
10-01-2011,1,0,1,5,False,1,1,0.1,0.1061,0.54,0.2537,0,3,3
10-01-2011,1,0,1,6,False,1,1,0.12,0.1212,0.5,0.2836,0,31,31
10-01-2011,1,0,1,7,False,1,1,0.12,0.1212,0.5,0.2239,2,75,77
10-01-2011,1,0,1,8,False,1,2,0.12,0.1212,0.5,0.2836,4,184,188
10-01-2011,1,0,1,9,False,1,2,0.14,0.1212,0.5,0.2537,2,92,94
10-01-2011,1,0,1,10,False,1,2,0.14,0.1212,0.5,0.2985,0,31,31
10-01-2011,1,0,1,11,False,1,2,0.16,0.1364,0.47,0.2836,2,28,30
10-01-2011,1,0,1,12,False,1,2,0.2,0.1818,0.4,0.2836,5,47,52
10-01-2011,1,0,1,13,False,1,2,0.2,0.1818,0.4,0.2836,4,50,54
10-01-2011,1,0,1,14,False,1,2,0.2,0.197,0.4,0.2239,0,47,47
10-01-2011,1,0,1,15,False,1,2,0.2,0.197,0.4,0.2239,2,43,45
10-01-2011,1,0,1,16,False,1,1,0.2,0.2121,0.4,0.1343,4,70,74
10-01-2011,1,0,1,17,False,1,1,0.2,0.2273,0.4,0.1045,4,174,178
10-01-2011,1,0,1,18,False,1,1,0.2,0.197,0.4,0.2239,1,154,155
10-01-2011,1,0,1,19,False,1,1,0.16,0.1667,0.47,0.1642,3,92,95
10-01-2011,1,0,1,20,False,1,1,0.16,0.1667,0.5,0.1642,1,73,74
10-01-2011,1,0,1,21,False,1,1,0.14,0.1364,0.59,0.194,1,37,38
10-01-2011,1,0,1,22,False,1,1,0.14,0.1515,0.59,0.1642,2,22,24
10-01-2011,1,0,1,23,False,1,1,0.14,0.1515,0.59,0.1642,0,18,18
11-01-2011,1,0,1,0,False,2,1,0.14,0.1667,0.59,0.1045,2,10,12
11-01-2011,1,0,1,1,False,2,1,0.14,0.1515,0.59,0.1642,0,3,3
11-01-2011,1,0,1,2,False,2,2,0.16,0.1515,0.55,0.194,0,3,3
11-01-2011,1,0,1,5,False,2,2,0.16,0.1818,0.55,0.1343,0,6,6
11-01-2011,1,0,1,6,False,2,2,0.16,0.1818,0.55,0.1343,0,27,27
11-01-2011,1,0,1,7,False,2,2,0.16,0.2273,0.55,0.0,2,97,99
11-01-2011,1,0,1,8,False,2,2,0.18,0.2121,0.51,0.0896,3,214,217
11-01-2011,1,0,1,9,False,2,2,0.18,0.197,0.51,0.1642,3,127,130
11-01-2011,1,0,1,10,False,2,2,0.2,0.2121,0.51,0.1642,3,51,54
11-01-2011,1,0,1,11,False,2,2,0.2,0.2121,0.47,0.1343,4,31,35
11-01-2011,1,0,1,12,False,2,2,0.2,0.2273,0.51,0.1045,2,55,57
11-01-2011,1,0,1,13,False,2,2,0.2,0.2273,0.59,0.0896,6,46,52
11-01-2011,1,0,1,14,False,2,2,0.2,0.2273,0.59,0.0896,3,60,63
11-01-2011,1,0,1,15,False,2,2,0.16,0.197,0.8,0.0896,2,45,47
11-01-2011,1,0,1,16,False,2,2,0.16,0.1515,0.86,0.2239,4,72,76
11-01-2011,1,0,1,17,False,2,2,0.16,0.1515,0.86,0.2239,6,130,136
11-01-2011,1,0,1,18,False,2,3,0.16,0.1818,0.93,0.1045,1,94,95
11-01-2011,1,0,1,19,False,2,3,0.16,0.2273,0.93,0.0,0,51,51
11-01-2011,1,0,1,20,False,2,3,0.16,0.1515,0.93,0.194,0,32,32
11-01-2011,1,0,1,21,False,2,3,0.16,0.197,0.86,0.0896,0,20,20
11-01-2011,1,0,1,22,False,2,3,0.16,0.1818,0.93,0.1045,1,28,29
11-01-2011,1,0,1,23,False,2,3,0.16,0.197,0.93,0.0896,1,18,19
12-01-2011,1,0,1,0,False,3,2,0.16,0.197,0.86,0.0896,0,7,7
12-01-2011,1,0,1,1,False,3,2,0.16,0.1818,0.86,0.1045,0,6,6
12-01-2011,1,0,1,2,False,3,1,0.14,0.1515,0.86,0.1343,0,1,1
12-01-2011,1,0,1,5,False,3,1,0.14,0.1515,0.86,0.1642,0,5,5
12-01-2011,1,0,1,6,False,3,1,0.12,0.1515,0.93,0.1343,0,16,16
12-01-2011,1,0,1,7,False,3,1,0.14,0.1515,0.69,0.1343,0,54,54
12-01-2011,1,0,1,8,False,3,1,0.16,0.1667,0.59,0.1642,3,125,128
12-01-2011,1,0,1,9,False,3,1,0.16,0.1364,0.59,0.3284,3,78,81
12-01-2011,1,0,1,10,False,3,1,0.18,0.1818,0.55,0.2239,0,39,39
12-01-2011,1,0,1,11,False,3,1,0.2,0.1818,0.51,0.3881,3,32,35
12-01-2011,1,0,1,12,False,3,1,0.2,0.1515,0.47,0.5821,3,52,55
12-01-2011,1,0,1,13,False,3,1,0.22,0.197,0.44,0.3582,0,49,49
12-01-2011,1,0,1,14,False,3,1,0.2,0.1818,0.47,0.3284,0,44,44
12-01-2011,1,0,1,15,False,3,1,0.2,0.1667,0.47,0.4179,1,48,49
12-01-2011,1,0,1,16,False,3,1,0.22,0.197,0.44,0.3284,5,63,68
12-01-2011,1,0,1,17,False,3,1,0.2,0.1818,0.47,0.3582,0,139,139
12-01-2011,1,0,1,18,False,3,1,0.2,0.1515,0.47,0.5224,2,135,137
12-01-2011,1,0,1,19,False,3,1,0.18,0.1515,0.47,0.4179,1,82,83
12-01-2011,1,0,1,20,False,3,1,0.16,0.1364,0.5,0.3284,2,54,56
12-01-2011,1,0,1,21,False,3,1,0.16,0.1364,0.55,0.3284,0,57,57
12-01-2011,1,0,1,22,False,3,1,0.16,0.1212,0.55,0.4478,1,32,33
12-01-2011,1,0,1,23,False,3,1,0.14,0.1061,0.59,0.4179,1,19,20
13-01-2011,1,0,1,0,False,4,1,0.14,0.1212,0.59,0.2836,1,6,7
13-01-2011,1,0,1,1,False,4,1,0.14,0.1212,0.5,0.2836,0,2,2
13-01-2011,1,0,1,2,False,4,1,0.14,0.1212,0.5,0.3582,0,2,2
13-01-2011,1,0,1,3,False,4,1,0.14,0.1212,0.5,0.3284,0,3,3
13-01-2011,1,0,1,4,False,4,1,0.14,0.1212,0.5,0.2537,0,4,4
13-01-2011,1,0,1,5,False,4,1,0.14,0.1212,0.5,0.2985,0,3,3
13-01-2011,1,0,1,6,False,4,1,0.12,0.1515,0.54,0.1343,0,28,28
13-01-2011,1,0,1,7,False,4,1,0.12,0.1515,0.54,0.1343,0,72,72
13-01-2011,1,0,1,8,False,4,1,0.14,0.1364,0.5,0.194,5,197,202
13-01-2011,1,0,1,9,False,4,1,0.14,0.1212,0.5,0.3284,2,137,139
13-01-2011,1,0,1,10,False,4,2,0.16,0.1364,0.5,0.3582,2,36,38
13-01-2011,1,0,1,11,False,4,2,0.2,0.1667,0.44,0.4478,4,33,37
13-01-2011,1,0,1,12,False,4,1,0.2,0.1667,0.44,0.4179,3,49,52
13-01-2011,1,0,1,13,False,4,1,0.22,0.197,0.41,0.4478,2,81,83
13-01-2011,1,0,1,14,False,4,1,0.22,0.197,0.41,0.3881,3,39,42
13-01-2011,1,0,1,15,False,4,1,0.24,0.2121,0.38,0.2985,5,55,60
13-01-2011,1,0,1,16,False,4,1,0.24,0.2121,0.38,0.3582,2,76,78
13-01-2011,1,0,1,17,False,4,1,0.2,0.1818,0.4,0.2836,4,158,162
13-01-2011,1,0,1,18,False,4,1,0.2,0.1818,0.4,0.3284,3,141,144
13-01-2011,1,0,1,19,False,4,1,0.16,0.1515,0.47,0.2537,1,98,99
13-01-2011,1,0,1,20,False,4,1,0.16,0.1515,0.47,0.2239,0,64,64
13-01-2011,1,0,1,21,False,4,1,0.14,0.1212,0.46,0.2985,0,40,40
13-01-2011,1,0,1,22,False,4,1,0.14,0.1212,0.46,0.3284,0,30,30
13-01-2011,1,0,1,23,False,4,1,0.12,0.1364,0.5,0.194,1,14,15
14-01-2011,1,0,1,0,False,5,1,0.12,0.1364,0.5,0.194,0,14,14
14-01-2011,1,0,1,1,False,5,1,0.1,0.1212,0.54,0.1642,0,5,5
14-01-2011,1,0,1,2,False,5,1,0.1,0.1212,0.54,0.1343,0,1,1
14-01-2011,1,0,1,3,False,5,1,0.1,0.1364,0.54,0.1045,0,1,1
14-01-2011,1,0,1,5,False,5,1,0.1,0.1364,0.54,0.0896,0,8,8
14-01-2011,1,0,1,6,False,5,1,0.1,0.1818,0.54,0.0,0,17,17
14-01-2011,1,0,1,7,False,5,1,0.1,0.1212,0.74,0.1642,0,70,70
14-01-2011,1,0,1,8,False,5,1,0.12,0.1667,0.68,0.0,2,156,158
14-01-2011,1,0,1,9,False,5,1,0.14,0.1515,0.69,0.1343,0,117,117
14-01-2011,1,0,1,10,False,5,1,0.18,0.1818,0.55,0.194,4,40,44
14-01-2011,1,0,1,11,False,5,1,0.18,0.1667,0.51,0.2836,6,47,53
14-01-2011,1,0,1,12,False,5,1,0.2,0.197,0.44,0.2537,2,59,61
14-01-2011,1,0,1,13,False,5,1,0.22,0.197,0.37,0.3881,4,73,77
14-01-2011,1,0,1,14,False,5,1,0.22,0.2121,0.41,0.2836,5,59,64
14-01-2011,1,0,1,15,False,5,1,0.24,0.2424,0.38,0.1642,9,59,68
14-01-2011,1,0,1,16,False,5,1,0.22,0.2424,0.41,0.1045,3,87,90
14-01-2011,1,0,1,17,False,5,1,0.22,0.2273,0.41,0.1642,4,155,159
14-01-2011,1,0,1,18,False,5,1,0.2,0.2576,0.47,0.0,5,134,139
14-01-2011,1,0,1,19,False,5,1,0.16,0.197,0.59,0.0896,3,89,92
14-01-2011,1,0,1,20,False,5,1,0.18,0.2424,0.59,0.0,0,68,68
14-01-2011,1,0,1,21,False,5,1,0.16,0.2273,0.69,0.0,4,48,52
14-01-2011,1,0,1,22,False,5,2,0.16,0.2273,0.69,0.0,2,34,36
14-01-2011,1,0,1,23,False,5,2,0.18,0.2424,0.55,0.0,1,26,27
15-01-2011,1,0,1,0,False,6,1,0.18,0.2424,0.55,0.0,3,25,28
15-01-2011,1,0,1,1,False,6,2,0.16,0.197,0.59,0.0896,2,18,20
15-01-2011,1,0,1,2,False,6,2,0.16,0.197,0.59,0.0896,0,12,12
15-01-2011,1,0,1,3,False,6,2,0.16,0.2273,0.59,0.0,1,7,8
15-01-2011,1,0,1,4,False,6,2,0.16,0.2273,0.59,0.0,0,5,5
15-01-2011,1,0,1,5,False,6,1,0.16,0.2273,0.59,0.0,0,1,1
15-01-2011,1,0,1,6,False,6,1,0.14,0.1667,0.63,0.1045,1,2,3
15-01-2011,1,0,1,7,False,6,1,0.14,0.2121,0.63,0.0,1,9,10
15-01-2011,1,0,1,8,False,6,1,0.14,0.1515,0.63,0.1343,1,22,23
15-01-2011,1,0,1,9,False,6,1,0.16,0.1818,0.64,0.1343,2,31,33
15-01-2011,1,0,1,10,False,6,1,0.18,0.197,0.59,0.1642,2,57,59
15-01-2011,1,0,1,11,False,6,1,0.2,0.197,0.55,0.2239,18,54,72
15-01-2011,1,0,1,12,False,6,1,0.24,0.2273,0.48,0.2239,15,74,89
15-01-2011,1,0,1,13,False,6,1,0.28,0.2576,0.38,0.2985,21,80,101
15-01-2011,1,0,1,14,False,6,1,0.3,0.2879,0.39,0.2836,26,92,118
15-01-2011,1,0,1,15,False,6,2,0.32,0.3182,0.36,0.194,21,108,129
15-01-2011,1,0,1,16,False,6,2,0.34,0.3333,0.34,0.194,33,95,128
15-01-2011,1,0,1,17,False,6,2,0.32,0.303,0.36,0.2836,29,54,83
15-01-2011,1,0,1,18,False,6,2,0.3,0.2879,0.45,0.2537,15,69,84
15-01-2011,1,0,1,19,False,6,2,0.32,0.303,0.39,0.2537,14,60,74
15-01-2011,1,0,1,20,False,6,2,0.32,0.303,0.39,0.2537,6,35,41
15-01-2011,1,0,1,21,False,6,2,0.32,0.303,0.39,0.2239,6,51,57
15-01-2011,1,0,1,22,False,6,2,0.3,0.3182,0.42,0.1045,0,26,26
15-01-2011,1,0,1,23,False,6,1,0.3,0.2879,0.45,0.2836,5,39,44
16-01-2011,1,0,1,0,False,0,1,0.26,0.303,0.56,0.0,6,33,39
16-01-2011,1,0,1,1,False,0,1,0.26,0.2727,0.56,0.1343,4,19,23
16-01-2011,1,0,1,2,False,0,1,0.26,0.2879,0.56,0.0896,3,13,16
16-01-2011,1,0,1,3,False,0,1,0.22,0.2727,0.69,0.0,9,6,15
16-01-2011,1,0,1,4,False,0,1,0.26,0.2576,0.56,0.1642,0,1,1
16-01-2011,1,0,1,5,False,0,2,0.26,0.2576,0.56,0.1642,1,1,2
16-01-2011,1,0,1,6,False,0,2,0.26,0.2576,0.56,0.1642,0,1,1
16-01-2011,1,0,1,7,False,0,2,0.24,0.2121,0.56,0.2985,0,3,3
16-01-2011,1,0,1,8,False,0,1,0.22,0.2121,0.55,0.2836,0,18,18
16-01-2011,1,0,1,9,False,0,1,0.22,0.2121,0.51,0.2537,3,29,32
16-01-2011,1,0,1,10,False,0,1,0.22,0.2121,0.51,0.2836,8,71,79
16-01-2011,1,0,1,11,False,0,1,0.24,0.2273,0.44,0.2537,23,70,93
16-01-2011,1,0,1,12,False,0,1,0.24,0.2121,0.41,0.2836,29,75,104
16-01-2011,1,0,1,13,False,0,1,0.26,0.2273,0.35,0.2985,23,95,118
16-01-2011,1,0,1,14,False,0,1,0.28,0.2727,0.36,0.2537,22,69,91
16-01-2011,1,0,1,15,False,0,1,0.26,0.2424,0.38,0.2537,35,78,113
16-01-2011,1,0,1,16,False,0,1,0.24,0.2273,0.38,0.2239,22,77,99
16-01-2011,1,0,1,17,False,0,1,0.22,0.2121,0.37,0.2537,23,82,105
16-01-2011,1,0,1,18,False,0,1,0.2,0.2121,0.4,0.1642,11,56,67
16-01-2011,1,0,1,19,False,0,1,0.18,0.197,0.47,0.1343,14,47,61
16-01-2011,1,0,1,20,False,0,1,0.18,0.197,0.47,0.1642,7,50,57
16-01-2011,1,0,1,21,False,0,1,0.18,0.197,0.51,0.1642,6,22,28
16-01-2011,1,0,1,22,False,0,2,0.2,0.2121,0.49,0.1343,2,19,21
16-01-2011,1,0,1,23,False,0,2,0.2,0.2273,0.4,0.1045,0,18,18
17-01-2011,1,0,1,0,True,1,2,0.2,0.197,0.47,0.2239,1,16,17
17-01-2011,1,0,1,1,True,1,2,0.2,0.197,0.44,0.194,1,15,16
17-01-2011,1,0,1,2,True,1,2,0.18,0.1667,0.43,0.2537,0,8,8
17-01-2011,1,0,1,3,True,1,2,0.18,0.1818,0.43,0.194,0,2,2
17-01-2011,1,0,1,4,True,1,2,0.18,0.197,0.43,0.1343,1,2,3
17-01-2011,1,0,1,5,True,1,2,0.18,0.197,0.43,0.1642,0,1,1
17-01-2011,1,0,1,6,True,1,2,0.18,0.1818,0.43,0.194,0,5,5
17-01-2011,1,0,1,7,True,1,2,0.16,0.1818,0.5,0.1343,4,9,13
17-01-2011,1,0,1,8,True,1,2,0.16,0.1515,0.47,0.2239,3,30,33
17-01-2011,1,0,1,9,True,1,2,0.16,0.1515,0.47,0.2239,8,39,47
17-01-2011,1,0,1,10,True,1,2,0.16,0.1515,0.5,0.2537,7,50,57
17-01-2011,1,0,1,11,True,1,2,0.16,0.1515,0.55,0.194,9,55,64
17-01-2011,1,0,1,12,True,1,2,0.18,0.197,0.47,0.1343,10,70,80
17-01-2011,1,0,1,13,True,1,2,0.18,0.197,0.47,0.1343,13,80,93
17-01-2011,1,0,1,14,True,1,2,0.18,0.2121,0.43,0.1045,12,74,86
17-01-2011,1,0,1,15,True,1,2,0.2,0.2121,0.47,0.1642,21,72,93
17-01-2011,1,0,1,16,True,1,2,0.2,0.2121,0.47,0.1642,6,76,82
17-01-2011,1,0,1,17,True,1,1,0.2,0.197,0.51,0.194,4,67,71
17-01-2011,1,0,1,18,True,1,2,0.18,0.1667,0.55,0.2537,7,85,92
17-01-2011,1,0,1,19,True,1,3,0.18,0.1818,0.59,0.194,2,58,60
17-01-2011,1,0,1,20,True,1,3,0.16,0.1515,0.8,0.194,4,29,33
17-01-2011,1,0,1,21,True,1,3,0.16,0.1515,0.8,0.194,3,24,27
17-01-2011,1,0,1,22,True,1,3,0.14,0.1212,0.93,0.2537,0,13,13
17-01-2011,1,0,1,23,True,1,3,0.16,0.1364,0.86,0.2836,1,3,4
18-01-2011,1,0,1,12,False,2,2,0.2,0.1818,0.86,0.3284,0,3,3
18-01-2011,1,0,1,13,False,2,2,0.2,0.197,0.86,0.2239,0,22,22
18-01-2011,1,0,1,14,False,2,2,0.22,0.2273,0.8,0.1642,2,26,28
18-01-2011,1,0,1,15,False,2,2,0.22,0.2273,0.87,0.1642,3,32,35
18-01-2011,1,0,1,16,False,2,2,0.22,0.2273,0.87,0.194,0,61,61
18-01-2011,1,0,1,17,False,2,2,0.22,0.2273,0.82,0.194,1,124,125
18-01-2011,1,0,1,18,False,2,2,0.22,0.2273,0.8,0.1642,1,132,133
18-01-2011,1,0,1,19,False,2,2,0.22,0.2273,0.8,0.1343,1,98,99
18-01-2011,1,0,1,20,False,2,2,0.22,0.2727,0.87,0.0,0,83,83
18-01-2011,1,0,1,21,False,2,2,0.22,0.2424,0.93,0.1045,0,41,41
18-01-2011,1,0,1,22,False,2,2,0.22,0.2576,0.93,0.0896,0,33,33
18-01-2011,1,0,1,23,False,2,2,0.22,0.2727,0.93,0.0,1,19,20
19-01-2011,1,0,1,0,False,3,2,0.22,0.2727,0.93,0.0,0,3,3
19-01-2011,1,0,1,1,False,3,3,0.22,0.2273,0.93,0.1343,1,6,7
19-01-2011,1,0,1,2,False,3,3,0.22,0.2273,0.93,0.1343,0,3,3
19-01-2011,1,0,1,4,False,3,3,0.22,0.2273,0.93,0.1343,1,1,2
19-01-2011,1,0,1,5,False,3,2,0.22,0.2576,0.93,0.0896,0,7,7
19-01-2011,1,0,1,6,False,3,2,0.22,0.2576,0.93,0.0896,0,32,32
19-01-2011,1,0,1,7,False,3,2,0.24,0.2576,0.92,0.1045,1,89,90
19-01-2011,1,0,1,8,False,3,2,0.24,0.2576,0.93,0.1045,1,196,197
19-01-2011,1,0,1,9,False,3,2,0.24,0.2576,0.93,0.1045,2,107,109
19-01-2011,1,0,1,10,False,3,2,0.26,0.2727,0.93,0.1343,1,46,47
19-01-2011,1,0,1,11,False,3,2,0.28,0.303,0.87,0.0896,5,47,52
19-01-2011,1,0,1,12,False,3,2,0.3,0.3182,0.81,0.0896,5,65,70
19-01-2011,1,0,1,13,False,3,1,0.4,0.4091,0.62,0.2836,11,67,78
19-01-2011,1,0,1,14,False,3,1,0.4,0.4091,0.58,0.2537,7,68,75
19-01-2011,1,0,1,15,False,3,1,0.4,0.4091,0.54,0.2836,4,78,82
19-01-2011,1,0,1,16,False,3,1,0.38,0.3939,0.58,0.3881,10,94,104
19-01-2011,1,0,1,17,False,3,1,0.36,0.3333,0.57,0.3284,7,190,197
19-01-2011,1,0,1,18,False,3,1,0.34,0.3182,0.61,0.2836,5,156,161
19-01-2011,1,0,1,19,False,3,1,0.32,0.2879,0.57,0.4179,4,108,112
19-01-2011,1,0,1,20,False,3,1,0.32,0.303,0.49,0.2985,2,74,76
19-01-2011,1,0,1,21,False,3,1,0.32,0.2879,0.49,0.4179,4,55,59
19-01-2011,1,0,1,22,False,3,1,0.3,0.303,0.52,0.1642,6,53,59
19-01-2011,1,0,1,23,False,3,1,0.3,0.2727,0.52,0.4627,1,27,28
20-01-2011,1,0,1,0,False,4,1,0.26,0.2273,0.56,0.3881,5,8,13
20-01-2011,1,0,1,1,False,4,1,0.26,0.2727,0.56,0.0,2,3,5
20-01-2011,1,0,1,2,False,4,1,0.26,0.2727,0.56,0.0,0,2,2
20-01-2011,1,0,1,3,False,4,1,0.26,0.2576,0.56,0.1642,0,1,1
20-01-2011,1,0,1,4,False,4,1,0.26,0.2576,0.56,0.1642,0,1,1
20-01-2011,1,0,1,5,False,4,1,0.24,0.2273,0.6,0.2239,0,6,6
20-01-2011,1,0,1,6,False,4,1,0.22,0.2121,0.6,0.2239,0,35,35
20-01-2011,1,0,1,7,False,4,1,0.22,0.2121,0.55,0.2239,1,100,101
20-01-2011,1,0,1,8,False,4,1,0.22,0.2121,0.55,0.2836,2,247,249
20-01-2011,1,0,1,9,False,4,2,0.24,0.2273,0.52,0.2239,3,140,143
20-01-2011,1,0,1,10,False,4,1,0.26,0.2273,0.48,0.2985,1,56,57
20-01-2011,1,0,1,11,False,4,2,0.28,0.2727,0.45,0.1642,5,63,68
20-01-2011,1,0,1,12,False,4,2,0.3,0.3333,0.42,0.0,7,77,84
20-01-2011,1,0,1,13,False,4,2,0.28,0.2879,0.45,0.1045,12,86,98
20-01-2011,1,0,1,14,False,4,2,0.3,0.303,0.45,0.1343,6,75,81
20-01-2011,1,0,1,15,False,4,2,0.32,0.3182,0.45,0.194,8,62,70
20-01-2011,1,0,1,16,False,4,2,0.3,0.303,0.49,0.1343,8,83,91
20-01-2011,1,0,1,17,False,4,2,0.3,0.3182,0.49,0.1045,8,207,215
20-01-2011,1,0,1,18,False,4,2,0.26,0.2576,0.56,0.194,1,184,185
20-01-2011,1,0,1,19,False,4,1,0.26,0.2273,0.56,0.3284,6,146,152
20-01-2011,1,0,1,20,False,4,2,0.26,0.2424,0.6,0.2836,2,124,126
20-01-2011,1,0,1,21,False,4,2,0.24,0.2273,0.6,0.2537,3,54,57
20-01-2011,1,0,1,22,False,4,2,0.24,0.2121,0.65,0.2836,0,56,56
20-01-2011,1,0,1,23,False,4,2,0.24,0.2121,0.65,0.3284,3,28,31
21-01-2011,1,0,1,0,False,5,2,0.24,0.2273,0.7,0.2537,1,20,21
21-01-2011,1,0,1,1,False,5,2,0.24,0.2273,0.7,0.2537,0,6,6
21-01-2011,1,0,1,2,False,5,3,0.24,0.2424,0.75,0.1642,0,2,2
21-01-2011,1,0,1,3,False,5,3,0.22,0.2121,0.8,0.2985,0,1,1
21-01-2011,1,0,1,4,False,5,2,0.22,0.2576,0.87,0.0896,0,1,1
21-01-2011,1,0,1,5,False,5,1,0.24,0.197,0.6,0.4179,1,4,5
21-01-2011,1,0,1,6,False,5,1,0.22,0.2121,0.55,0.2537,0,27,27
21-01-2011,1,0,1,7,False,5,1,0.2,0.1818,0.51,0.2836,2,66,68
21-01-2011,1,0,1,8,False,5,1,0.2,0.1818,0.47,0.3284,7,210,217
21-01-2011,1,0,1,9,False,5,1,0.2,0.1818,0.51,0.3582,7,159,166
21-01-2011,1,0,1,10,False,5,1,0.2,0.1667,0.47,0.4627,6,57,63
21-01-2011,1,0,1,11,False,5,1,0.22,0.1818,0.41,0.4627,6,53,59
21-01-2011,1,0,1,12,False,5,1,0.22,0.1818,0.27,0.5821,11,67,78
21-01-2011,1,0,1,13,False,5,1,0.2,0.1515,0.21,0.5821,8,65,73
21-01-2011,1,0,1,14,False,5,1,0.2,0.1515,0.25,0.5224,6,56,62
21-01-2011,1,0,1,15,False,5,1,0.16,0.1212,0.26,0.4478,4,61,65
21-01-2011,1,0,1,16,False,5,1,0.16,0.1364,0.26,0.3582,0,97,97
21-01-2011,1,0,1,17,False,5,1,0.14,0.1212,0.28,0.3582,10,151,161
21-01-2011,1,0,1,18,False,5,1,0.12,0.1212,0.3,0.2537,1,119,120
21-01-2011,1,0,1,19,False,5,1,0.12,0.1061,0.3,0.3284,3,93,96
21-01-2011,1,0,1,20,False,5,1,0.1,0.0758,0.33,0.4179,1,52,53
21-01-2011,1,0,1,21,False,5,1,0.08,0.0758,0.38,0.2836,0,41,41
21-01-2011,1,0,1,22,False,5,1,0.06,0.0303,0.41,0.3881,1,33,34
21-01-2011,1,0,1,23,False,5,1,0.06,0.0455,0.38,0.3284,0,27,27
22-01-2011,1,0,1,0,False,6,1,0.04,0.0303,0.45,0.2537,0,13,13
22-01-2011,1,0,1,1,False,6,2,0.04,0.0,0.41,0.3881,3,9,12
22-01-2011,1,0,1,2,False,6,2,0.04,0.0303,0.41,0.2537,0,11,11
22-01-2011,1,0,1,3,False,6,2,0.04,0.0303,0.41,0.2836,1,6,7
22-01-2011,1,0,1,4,False,6,2,0.02,0.0152,0.48,0.2985,0,3,3
22-01-2011,1,0,1,6,False,6,2,0.02,0.0303,0.44,0.2239,0,2,2
22-01-2011,1,0,1,7,False,6,1,0.02,0.0152,0.44,0.2836,0,8,8
22-01-2011,1,0,1,8,False,6,1,0.02,0.0,0.44,0.3284,1,26,27
22-01-2011,1,0,1,9,False,6,1,0.04,0.0303,0.41,0.2537,3,37,40
22-01-2011,1,0,1,10,False,6,2,0.04,0.0606,0.41,0.1642,3,50,53
22-01-2011,1,0,1,11,False,6,2,0.06,0.0758,0.38,0.1343,4,59,63
22-01-2011,1,0,1,12,False,6,2,0.06,0.1061,0.38,0.1045,10,60,70
22-01-2011,1,0,1,13,False,6,1,0.08,0.1667,0.35,0.0,12,72,84
22-01-2011,1,0,1,14,False,6,1,0.1,0.1364,0.33,0.1045,11,64,75
22-01-2011,1,0,1,15,False,6,1,0.12,0.1515,0.28,0.0,10,93,103
22-01-2011,1,0,1,16,False,6,1,0.12,0.1364,0.28,0.194,11,72,83
22-01-2011,1,0,1,17,False,6,1,0.12,0.197,0.28,0.0,8,59,67
22-01-2011,1,0,1,18,False,6,1,0.08,0.0909,0.35,0.194,0,54,54
22-01-2011,1,0,1,19,False,6,1,0.08,0.1061,0.35,0.1343,6,53,59
22-01-2011,1,0,1,20,False,6,1,0.06,0.0758,0.45,0.1642,1,44,45
22-01-2011,1,0,1,21,False,6,1,0.06,0.1061,0.41,0.0896,0,39,39
22-01-2011,1,0,1,22,False,6,1,0.06,0.1515,0.49,0.0,7,23,30
22-01-2011,1,0,1,23,False,6,1,0.04,0.0758,0.57,0.1045,2,31,33
23-01-2011,1,0,1,0,False,0,1,0.04,0.0758,0.57,0.1045,2,20,22
23-01-2011,1,0,1,1,False,0,1,0.04,0.0758,0.57,0.1045,1,12,13
23-01-2011,1,0,1,2,False,0,1,0.02,0.0606,0.62,0.1343,3,15,18
23-01-2011,1,0,1,3,False,0,1,0.02,0.0606,0.62,0.1343,1,4,5
23-01-2011,1,0,1,5,False,0,2,0.04,0.0758,0.57,0.1045,0,3,3
23-01-2011,1,0,1,6,False,0,2,0.04,0.0758,0.57,0.1045,0,1,1
23-01-2011,1,0,1,7,False,0,1,0.08,0.1061,0.58,0.1642,1,1,2
23-01-2011,1,0,1,8,False,0,1,0.06,0.0758,0.62,0.1642,2,17,19
23-01-2011,1,0,1,9,False,0,1,0.1,0.0758,0.54,0.3582,3,25,28
23-01-2011,1,0,1,10,False,0,1,0.14,0.1061,0.46,0.3881,7,51,58
23-01-2011,1,0,1,11,False,0,1,0.14,0.1364,0.43,0.2239,22,77,99
23-01-2011,1,0,1,12,False,0,1,0.16,0.1212,0.37,0.4627,24,92,116
23-01-2011,1,0,1,13,False,0,1,0.14,0.1061,0.33,0.3881,12,75,87
23-01-2011,1,0,1,14,False,0,1,0.16,0.1364,0.28,0.3582,17,93,110
23-01-2011,1,0,1,15,False,0,1,0.16,0.1364,0.28,0.3582,13,64,77
23-01-2011,1,0,1,16,False,0,1,0.16,0.1364,0.26,0.3284,9,56,65
23-01-2011,1,0,1,17,False,0,1,0.14,0.1061,0.26,0.3881,5,50,55
23-01-2011,1,0,1,18,False,0,1,0.12,0.1212,0.3,0.2537,5,44,49
23-01-2011,1,0,1,19,False,0,1,0.12,0.1212,0.3,0.2836,5,45,50
23-01-2011,1,0,1,20,False,0,1,0.1,0.1061,0.36,0.2537,4,31,35
23-01-2011,1,0,1,21,False,0,1,0.1,0.1061,0.36,0.194,5,20,25
23-01-2011,1,0,1,22,False,0,1,0.08,0.0909,0.38,0.194,5,23,28
23-01-2011,1,0,1,23,False,0,1,0.06,0.0606,0.41,0.2239,4,17,21
24-01-2011,1,0,1,0,False,1,1,0.06,0.0606,0.41,0.194,0,7,7
24-01-2011,1,0,1,1,False,1,1,0.04,0.0455,0.45,0.194,0,1,1
24-01-2011,1,0,1,3,False,1,1,0.04,0.0303,0.45,0.2537,0,1,1
24-01-2011,1,0,1,4,False,1,1,0.02,0.0606,0.48,0.1343,0,1,1
24-01-2011,1,0,1,5,False,1,1,0.02,0.0606,0.48,0.1343,0,5,5
24-01-2011,1,0,1,6,False,1,1,0.02,0.0758,0.48,0.0896,0,15,15
24-01-2011,1,0,1,7,False,1,1,0.02,0.1212,0.48,0.0,5,79,84
24-01-2011,1,0,1,8,False,1,1,0.04,0.1364,0.49,0.0,6,171,177
24-01-2011,1,0,1,9,False,1,1,0.06,0.1515,0.41,0.0,4,98,102
24-01-2011,1,0,1,10,False,1,1,0.1,0.1364,0.42,0.0,6,34,40
24-01-2011,1,0,1,11,False,1,1,0.1,0.1212,0.46,0.1343,3,43,46
24-01-2011,1,0,1,12,False,1,2,0.12,0.1364,0.42,0.194,11,52,63
24-01-2011,1,0,1,13,False,1,2,0.14,0.1364,0.43,0.2239,6,54,60
24-01-2011,1,0,1,14,False,1,2,0.14,0.1364,0.46,0.2239,2,43,45
24-01-2011,1,0,1,15,False,1,1,0.16,0.1667,0.4,0.1642,7,50,57
24-01-2011,1,0,1,16,False,1,1,0.16,0.1515,0.47,0.2537,4,66,70
24-01-2011,1,0,1,17,False,1,1,0.14,0.1212,0.5,0.2537,6,178,184
24-01-2011,1,0,1,18,False,1,1,0.14,0.1364,0.59,0.194,8,145,153
24-01-2011,1,0,1,19,False,1,1,0.14,0.1515,0.54,0.1642,5,101,106
24-01-2011,1,0,1,20,False,1,1,0.14,0.1364,0.59,0.194,1,80,81
24-01-2011,1,0,1,21,False,1,1,0.14,0.1515,0.63,0.1642,6,53,59
24-01-2011,1,0,1,22,False,1,2,0.14,0.1364,0.63,0.2239,3,32,35
24-01-2011,1,0,1,23,False,1,2,0.16,0.1515,0.64,0.2537,3,21,24
25-01-2011,1,0,1,0,False,2,2,0.16,0.1364,0.69,0.2836,3,6,9
25-01-2011,1,0,1,1,False,2,2,0.16,0.1667,0.69,0.1642,0,5,5
25-01-2011,1,0,1,2,False,2,1,0.16,0.1515,0.69,0.2239,0,2,2
25-01-2011,1,0,1,4,False,2,1,0.14,0.1667,0.74,0.1045,0,1,1
25-01-2011,1,0,1,5,False,2,1,0.14,0.1364,0.74,0.2239,0,9,9
25-01-2011,1,0,1,6,False,2,1,0.16,0.1818,0.74,0.1045,1,35,36
25-01-2011,1,0,1,7,False,2,1,0.16,0.1515,0.74,0.2239,5,103,108
25-01-2011,1,0,1,8,False,2,2,0.16,0.1818,0.74,0.1343,5,233,238
25-01-2011,1,0,1,9,False,2,2,0.2,0.2273,0.64,0.0896,10,134,144
25-01-2011,1,0,1,10,False,2,2,0.22,0.2424,0.6,0.1045,6,49,55
25-01-2011,1,0,1,11,False,2,2,0.24,0.2424,0.6,0.1343,6,55,61
25-01-2011,1,0,1,12,False,2,2,0.26,0.2879,0.56,0.0896,21,85,106
25-01-2011,1,0,1,13,False,2,2,0.26,0.2727,0.56,0.1343,21,72,93
25-01-2011,1,0,1,14,False,2,2,0.3,0.3333,0.45,0.0,11,57,68
25-01-2011,1,0,1,15,False,2,2,0.32,0.3485,0.42,0.0,21,63,84
25-01-2011,1,0,1,16,False,2,2,0.32,0.3485,0.42,0.0,14,102,116
25-01-2011,1,0,1,17,False,2,1,0.3,0.3333,0.45,0.0,14,208,222
25-01-2011,1,0,1,18,False,2,2,0.3,0.3182,0.49,0.0896,7,218,225
25-01-2011,1,0,1,19,False,2,2,0.26,0.2576,0.65,0.1642,13,133,146
25-01-2011,1,0,1,20,False,2,1,0.24,0.2273,0.65,0.194,16,103,119
25-01-2011,1,0,1,21,False,2,1,0.24,0.2273,0.65,0.194,5,40,45
25-01-2011,1,0,1,22,False,2,1,0.22,0.2273,0.64,0.1642,4,49,53
25-01-2011,1,0,1,23,False,2,2,0.22,0.2273,0.64,0.1642,3,37,40
26-01-2011,1,0,1,0,False,3,2,0.22,0.2273,0.69,0.1343,3,14,17
26-01-2011,1,0,1,1,False,3,2,0.24,0.2424,0.65,0.1343,0,5,5
26-01-2011,1,0,1,2,False,3,3,0.22,0.2273,0.69,0.194,3,7,10
26-01-2011,1,0,1,5,False,3,3,0.2,0.1818,0.86,0.2836,0,1,1
26-01-2011,1,0,1,6,False,3,3,0.2,0.1818,0.86,0.2836,0,8,8
26-01-2011,1,0,1,7,False,3,3,0.22,0.2121,0.87,0.2985,1,29,30
26-01-2011,1,0,1,8,False,3,3,0.22,0.2121,0.87,0.2985,3,69,72
26-01-2011,1,0,1,9,False,3,3,0.22,0.2121,0.87,0.2985,3,55,58
26-01-2011,1,0,1,10,False,3,3,0.22,0.2121,0.93,0.2836,2,26,28
26-01-2011,1,0,1,11,False,3,3,0.22,0.197,0.93,0.3284,6,35,41
26-01-2011,1,0,1,12,False,3,3,0.22,0.197,0.93,0.3284,7,41,48
26-01-2011,1,0,1,13,False,3,3,0.22,0.197,0.93,0.3284,4,43,47
26-01-2011,1,0,1,14,False,3,3,0.22,0.197,0.93,0.3582,0,36,36
26-01-2011,1,0,1,15,False,3,3,0.22,0.1818,0.93,0.4627,1,42,43
26-01-2011,1,0,1,16,False,3,4,0.22,0.197,0.93,0.3284,1,35,36
26-01-2011,1,0,1,17,False,3,3,0.2,0.1818,0.93,0.3582,0,26,26
27-01-2011,1,0,1,16,False,4,1,0.22,0.2273,0.55,0.194,1,23,24
27-01-2011,1,0,1,17,False,4,1,0.22,0.2424,0.55,0.1045,2,82,84
27-01-2011,1,0,1,18,False,4,1,0.2,0.2273,0.69,0.0896,3,101,104
27-01-2011,1,0,1,19,False,4,1,0.2,0.2273,0.69,0.0896,3,76,79
27-01-2011,1,0,1,20,False,4,1,0.18,0.2121,0.74,0.0896,4,55,59
27-01-2011,1,0,1,21,False,4,1,0.18,0.2121,0.74,0.0896,2,36,38
27-01-2011,1,0,1,22,False,4,1,0.18,0.2121,0.74,0.0896,0,27,27
27-01-2011,1,0,1,23,False,4,1,0.18,0.197,0.8,0.1642,0,16,16
28-01-2011,1,0,1,0,False,5,2,0.2,0.2121,0.75,0.1343,0,9,9
28-01-2011,1,0,1,1,False,5,2,0.2,0.2121,0.75,0.1343,1,2,3
28-01-2011,1,0,1,2,False,5,2,0.2,0.2121,0.75,0.1642,0,2,2
28-01-2011,1,0,1,3,False,5,2,0.2,0.2273,0.75,0.1045,1,0,1
28-01-2011,1,0,1,5,False,5,2,0.18,0.2121,0.8,0.1045,0,4,4
28-01-2011,1,0,1,6,False,5,2,0.18,0.197,0.8,0.1343,0,16,16
28-01-2011,1,0,1,7,False,5,2,0.16,0.197,0.86,0.0896,2,58,60
28-01-2011,1,0,1,8,False,5,2,0.16,0.197,0.86,0.0896,2,155,157
28-01-2011,1,0,1,9,False,5,3,0.18,0.2121,0.86,0.0896,6,95,101
28-01-2011,1,0,1,10,False,5,3,0.18,0.2121,0.86,0.1045,0,49,49
28-01-2011,1,0,1,11,False,5,3,0.18,0.2121,0.93,0.1045,0,30,30
28-01-2011,1,0,1,12,False,5,3,0.18,0.2121,0.93,0.1045,1,28,29
28-01-2011,1,0,1,13,False,5,3,0.18,0.2121,0.93,0.1045,0,31,31
28-01-2011,1,0,1,14,False,5,3,0.22,0.2727,0.8,0.0,2,36,38
28-01-2011,1,0,1,15,False,5,2,0.2,0.2576,0.86,0.0,1,40,41
29-01-2011,1,0,1,1,False,6,1,0.22,0.2273,0.64,0.194,0,20,20
29-01-2011,1,0,1,2,False,6,1,0.22,0.2273,0.64,0.1642,0,15,15
29-01-2011,1,0,1,3,False,6,1,0.2,0.2121,0.64,0.1343,3,5,8
29-01-2011,1,0,1,4,False,6,1,0.16,0.1818,0.69,0.1045,1,2,3
29-01-2011,1,0,1,6,False,6,1,0.16,0.1818,0.64,0.1343,0,2,2
29-01-2011,1,0,1,7,False,6,1,0.16,0.1818,0.59,0.1045,1,4,5
29-01-2011,1,0,1,8,False,6,1,0.18,0.197,0.55,0.1642,3,31,34
29-01-2011,1,0,1,9,False,6,1,0.18,0.2121,0.59,0.0896,0,34,34
29-01-2011,1,0,1,10,False,6,2,0.18,0.2121,0.64,0.1045,4,51,55
29-01-2011,1,0,1,11,False,6,2,0.18,0.197,0.64,0.1343,4,60,64
29-01-2011,1,0,1,12,False,6,2,0.2,0.197,0.59,0.194,12,66,78
29-01-2011,1,0,1,13,False,6,2,0.22,0.2273,0.55,0.1642,9,56,65
29-01-2011,1,0,1,14,False,6,2,0.22,0.2273,0.6,0.1343,10,89,99
29-01-2011,1,0,1,15,False,6,1,0.22,0.2121,0.69,0.2537,22,98,120
29-01-2011,1,0,1,16,False,6,1,0.24,0.2424,0.6,0.1642,19,88,107
29-01-2011,1,0,1,17,False,6,1,0.24,0.2879,0.6,0.0,9,82,91
29-01-2011,1,0,1,18,False,6,1,0.22,0.2273,0.69,0.1343,9,59,68
29-01-2011,1,0,1,19,False,6,2,0.22,0.2121,0.69,0.2537,6,52,58
29-01-2011,1,0,1,20,False,6,1,0.18,0.2121,0.74,0.0896,1,42,43
29-01-2011,1,0,1,21,False,6,1,0.18,0.2121,0.74,0.0896,1,35,36
29-01-2011,1,0,1,22,False,6,1,0.16,0.197,0.8,0.0896,4,28,32
29-01-2011,1,0,1,23,False,6,1,0.16,0.197,0.8,0.0896,3,30,33
30-01-2011,1,0,1,0,False,0,1,0.16,0.1818,0.8,0.1045,0,33,33
30-01-2011,1,0,1,1,False,0,1,0.14,0.2121,0.8,0.0,7,22,29
30-01-2011,1,0,1,2,False,0,1,0.16,0.2273,0.8,0.0,1,10,11
30-01-2011,1,0,1,3,False,0,1,0.14,0.2121,0.93,0.0,1,7,8
30-01-2011,1,0,1,4,False,0,1,0.14,0.2121,0.93,0.0,0,1,1
30-01-2011,1,0,1,5,False,0,1,0.14,0.2121,0.86,0.0,0,3,3
30-01-2011,1,0,1,7,False,0,1,0.14,0.2121,0.86,0.0,0,3,3
30-01-2011,1,0,1,8,False,0,2,0.14,0.2121,0.86,0.0,1,11,12
30-01-2011,1,0,1,9,False,0,2,0.16,0.2273,0.8,0.0,4,34,38
30-01-2011,1,0,1,10,False,0,2,0.18,0.2424,0.8,0.0,7,57,64
30-01-2011,1,0,1,11,False,0,1,0.22,0.2727,0.75,0.0,9,50,59
30-01-2011,1,0,1,12,False,0,1,0.3,0.3182,0.52,0.1045,10,87,97
30-01-2011,1,0,1,13,False,0,1,0.28,0.2879,0.61,0.1045,13,71,84
30-01-2011,1,0,1,14,False,0,1,0.28,0.303,0.61,0.0896,18,104,122
30-01-2011,1,0,1,15,False,0,1,0.3,0.3333,0.56,0.0,14,95,109
30-01-2011,1,0,1,16,False,0,1,0.3,0.3333,0.56,0.0,19,104,123
30-01-2011,1,0,1,17,False,0,1,0.3,0.2879,0.56,0.194,6,71,77
30-01-2011,1,0,1,18,False,0,1,0.26,0.2576,0.65,0.1642,8,57,65
30-01-2011,1,0,1,19,False,0,1,0.26,0.2576,0.65,0.194,9,46,55
30-01-2011,1,0,1,20,False,0,2,0.26,0.2727,0.65,0.1045,3,30,33
30-01-2011,1,0,1,21,False,0,2,0.24,0.2424,0.7,0.1642,3,25,28
30-01-2011,1,0,1,22,False,0,2,0.24,0.2273,0.7,0.194,2,19,21
30-01-2011,1,0,1,23,False,0,2,0.24,0.2121,0.65,0.2836,5,16,21
31-01-2011,1,0,1,0,False,1,2,0.24,0.2273,0.65,0.2239,1,6,7
31-01-2011,1,0,1,1,False,1,1,0.22,0.2121,0.64,0.2537,2,5,7
31-01-2011,1,0,1,2,False,1,1,0.22,0.2273,0.64,0.194,0,1,1
31-01-2011,1,0,1,3,False,1,1,0.22,0.2273,0.64,0.194,0,2,2
31-01-2011,1,0,1,4,False,1,1,0.2,0.197,0.59,0.2239,0,2,2
31-01-2011,1,0,1,5,False,1,1,0.18,0.1667,0.64,0.2836,0,8,8
31-01-2011,1,0,1,6,False,1,1,0.16,0.1364,0.69,0.3284,0,37,37
31-01-2011,1,0,1,7,False,1,2,0.16,0.1364,0.64,0.2836,1,71,72
31-01-2011,1,0,1,8,False,1,2,0.16,0.1364,0.59,0.2836,3,182,185
31-01-2011,1,0,1,9,False,1,2,0.16,0.1364,0.59,0.2985,0,112,112
31-01-2011,1,0,1,10,False,1,2,0.16,0.1515,0.59,0.194,1,68,69
31-01-2011,1,0,1,11,False,1,2,0.16,0.1515,0.59,0.194,2,46,48
31-01-2011,1,0,1,12,False,1,2,0.18,0.2121,0.55,0.1045,6,62,68
31-01-2011,1,0,1,13,False,1,2,0.16,0.2273,0.59,0.0,2,52,54
31-01-2011,1,0,1,14,False,1,2,0.18,0.197,0.55,0.1343,1,85,86
31-01-2011,1,0,1,15,False,1,2,0.16,0.1818,0.59,0.1343,3,41,44
31-01-2011,1,0,1,16,False,1,2,0.16,0.1818,0.56,0.194,3,83,86
31-01-2011,1,0,1,17,False,1,2,0.16,0.1515,0.59,0.194,6,155,161
31-01-2011,1,0,1,18,False,1,2,0.16,0.1515,0.55,0.2239,3,153,156
31-01-2011,1,0,1,19,False,1,1,0.3,0.3182,0.61,0.1045,3,108,111
31-01-2011,1,0,1,20,False,1,3,0.16,0.1667,0.59,0.1642,0,78,78
31-01-2011,1,0,1,21,False,1,3,0.16,0.197,0.59,0.0896,3,53,56
31-01-2011,1,0,1,22,False,1,2,0.16,0.1818,0.59,0.1045,0,34,34
31-01-2011,1,0,1,23,False,1,2,0.16,0.197,0.64,0.0896,2,15,17
01-02-2011,1,0,2,0,False,2,2,0.16,0.1818,0.64,0.1045,2,6,8
01-02-2011,1,0,2,1,False,2,2,0.16,0.1818,0.69,0.1045,0,3,3
01-02-2011,1,0,2,2,False,2,2,0.16,0.2273,0.69,0.0,0,2,2
01-02-2011,1,0,2,3,False,2,2,0.16,0.2273,0.69,0.0,0,2,2
01-02-2011,1,0,2,5,False,2,3,0.14,0.2121,0.93,0.0,0,3,3
01-02-2011,1,0,2,6,False,2,3,0.14,0.2121,0.93,0.0,0,22,22
01-02-2011,1,0,2,7,False,2,3,0.16,0.2273,0.93,0.0,0,52,52
01-02-2011,1,0,2,8,False,2,3,0.16,0.2273,0.93,0.0,3,132,135
01-02-2011,1,0,2,9,False,2,2,0.16,0.2273,0.93,0.0,2,114,116
01-02-2011,1,0,2,10,False,2,2,0.16,0.2273,0.93,0.0,0,47,47
01-02-2011,1,0,2,11,False,2,2,0.18,0.2424,0.86,0.0,2,49,51
01-02-2011,1,0,2,12,False,2,2,0.2,0.2576,0.86,0.0,2,53,55
01-02-2011,1,0,2,13,False,2,2,0.2,0.2576,0.86,0.0,3,49,52
01-02-2011,1,0,2,14,False,2,2,0.22,0.2576,0.8,0.0896,5,49,54
01-02-2011,1,0,2,15,False,2,2,0.24,0.2879,0.75,0.0,7,45,52
01-02-2011,1,0,2,16,False,2,2,0.24,0.2424,0.75,0.1343,3,61,64
01-02-2011,1,0,2,17,False,2,2,0.24,0.2879,0.75,0.0,4,172,176
01-02-2011,1,0,2,18,False,2,2,0.24,0.2576,0.81,0.1045,3,165,168
01-02-2011,1,0,2,19,False,2,2,0.24,0.2424,0.81,0.1343,3,105,108
01-02-2011,1,0,2,20,False,2,2,0.22,0.2273,0.87,0.1343,5,69,74
01-02-2011,1,0,2,21,False,2,2,0.22,0.2273,0.87,0.1343,0,64,64
01-02-2011,1,0,2,22,False,2,2,0.22,0.2576,0.87,0.0896,2,34,36
01-02-2011,1,0,2,23,False,2,3,0.2,0.197,0.93,0.194,1,15,16
02-02-2011,1,0,2,0,False,3,3,0.22,0.2424,0.93,0.1045,0,2,2
02-02-2011,1,0,2,1,False,3,3,0.22,0.2273,0.93,0.194,0,3,3
02-02-2011,1,0,2,2,False,3,3,0.22,0.2273,0.93,0.1343,4,0,4
02-02-2011,1,0,2,3,False,3,3,0.22,0.2273,0.93,0.1343,0,1,1
02-02-2011,1,0,2,4,False,3,3,0.22,0.2121,0.93,0.2836,0,1,1
02-02-2011,1,0,2,5,False,3,3,0.22,0.2424,0.93,0.1045,0,3,3
02-02-2011,1,0,2,6,False,3,3,0.22,0.2424,0.93,0.1045,1,17,18
02-02-2011,1,0,2,7,False,3,3,0.22,0.2121,0.93,0.2239,1,48,49
02-02-2011,1,0,2,8,False,3,3,0.22,0.2121,0.93,0.2239,1,154,155
02-02-2011,1,0,2,9,False,3,2,0.24,0.2576,0.93,0.0896,4,119,123
02-02-2011,1,0,2,10,False,3,2,0.22,0.2727,1.0,0.0,2,59,61
02-02-2011,1,0,2,11,False,3,2,0.24,0.2273,0.93,0.194,5,47,52
02-02-2011,1,0,2,12,False,3,2,0.24,0.2273,0.93,0.2239,3,61,64
02-02-2011,1,0,2,13,False,3,1,0.34,0.3333,0.93,0.1642,1,74,75
02-02-2011,1,0,2,14,False,3,1,0.38,0.3939,0.82,0.3881,2,61,63
02-02-2011,1,0,2,15,False,3,1,0.38,0.3939,0.76,0.3284,10,66,76
02-02-2011,1,0,2,16,False,3,1,0.36,0.3333,0.71,0.2985,8,95,103
02-02-2011,1,0,2,17,False,3,1,0.36,0.3182,0.53,0.5224,7,183,190
02-02-2011,1,0,2,18,False,3,1,0.34,0.2879,0.42,0.5522,7,175,182
02-02-2011,1,0,2,19,False,3,1,0.28,0.2424,0.45,0.4925,3,88,91
02-02-2011,1,0,2,20,False,3,1,0.24,0.197,0.48,0.5522,4,71,75
02-02-2011,1,0,2,21,False,3,1,0.22,0.197,0.47,0.3284,1,62,63
02-02-2011,1,0,2,22,False,3,1,0.22,0.2121,0.44,0.2537,5,35,40
02-02-2011,1,0,2,23,False,3,1,0.2,0.1667,0.44,0.4478,3,29,32
03-02-2011,1,0,2,0,False,4,1,0.2,0.1667,0.4,0.4478,1,11,12
03-02-2011,1,0,2,1,False,4,1,0.2,0.1515,0.44,0.5224,0,5,5
03-02-2011,1,0,2,2,False,4,1,0.18,0.1667,0.43,0.2537,0,2,2
03-02-2011,1,0,2,3,False,4,1,0.18,0.1667,0.43,0.2537,0,1,1
03-02-2011,1,0,2,5,False,4,1,0.16,0.1364,0.5,0.2985,0,2,2
03-02-2011,1,0,2,6,False,4,1,0.16,0.1364,0.43,0.3582,0,39,39
03-02-2011,1,0,2,7,False,4,1,0.14,0.1212,0.5,0.3284,1,86,87
03-02-2011,1,0,2,8,False,4,1,0.14,0.1212,0.5,0.3582,4,184,188
03-02-2011,1,0,2,9,False,4,1,0.16,0.1364,0.47,0.2985,6,127,133
03-02-2011,1,0,2,10,False,4,1,0.18,0.1515,0.43,0.3284,2,50,52
03-02-2011,1,0,2,11,False,4,1,0.18,0.1364,0.43,0.4478,9,55,64
03-02-2011,1,0,2,12,False,4,1,0.2,0.1818,0.4,0.3582,2,67,69
03-02-2011,1,0,2,13,False,4,1,0.2,0.1667,0.4,0.4179,4,47,51
03-02-2011,1,0,2,14,False,4,1,0.22,0.197,0.37,0.3881,4,43,47
03-02-2011,1,0,2,15,False,4,1,0.22,0.197,0.37,0.3284,4,56,60
03-02-2011,1,0,2,16,False,4,1,0.22,0.2121,0.37,0.2537,5,73,78
03-02-2011,1,0,2,17,False,4,1,0.2,0.197,0.4,0.194,5,170,175
03-02-2011,1,0,2,18,False,4,1,0.2,0.2121,0.4,0.1642,2,145,147
03-02-2011,1,0,2,19,False,4,1,0.2,0.2576,0.4,0.0,4,92,96
03-02-2011,1,0,2,20,False,4,1,0.2,0.2273,0.47,0.0896,1,108,109
03-02-2011,1,0,2,21,False,4,1,0.18,0.2121,0.55,0.1045,1,53,54
03-02-2011,1,0,2,22,False,4,1,0.18,0.2121,0.51,0.0896,2,39,41
03-02-2011,1,0,2,23,False,4,1,0.2,0.2273,0.47,0.1045,4,34,38
04-02-2011,1,0,2,0,False,5,2,0.2,0.2576,0.44,0.0,3,10,13
04-02-2011,1,0,2,1,False,5,2,0.16,0.2273,0.59,0.0,0,7,7
04-02-2011,1,0,2,2,False,5,2,0.14,0.1667,0.63,0.1045,0,1,1
04-02-2011,1,0,2,3,False,5,2,0.14,0.1667,0.63,0.1045,0,1,1
04-02-2011,1,0,2,5,False,5,2,0.14,0.1515,0.63,0.1343,0,7,7
04-02-2011,1,0,2,6,False,5,2,0.16,0.2273,0.55,0.0,2,26,28
04-02-2011,1,0,2,7,False,5,1,0.14,0.2121,0.59,0.0,0,87,87
04-02-2011,1,0,2,8,False,5,1,0.14,0.1515,0.74,0.1343,3,217,220
04-02-2011,1,0,2,9,False,5,2,0.16,0.1818,0.8,0.1343,3,124,127
04-02-2011,1,0,2,10,False,5,2,0.2,0.2121,0.51,0.1343,5,46,51
04-02-2011,1,0,2,11,False,5,1,0.22,0.2273,0.51,0.1642,3,61,64
04-02-2011,1,0,2,12,False,5,2,0.24,0.2424,0.48,0.1642,8,78,86
04-02-2011,1,0,2,13,False,5,2,0.26,0.2576,0.5,0.2239,9,73,82
04-02-2011,1,0,2,14,False,5,2,0.28,0.2727,0.45,0.1642,15,76,91
04-02-2011,1,0,2,15,False,5,2,0.28,0.2727,0.48,0.2537,9,81,90
04-02-2011,1,0,2,16,False,5,2,0.3,0.2879,0.42,0.2239,8,91,99
04-02-2011,1,0,2,17,False,5,2,0.26,0.2727,0.56,0.1343,10,195,205
04-02-2011,1,0,2,18,False,5,2,0.24,0.2576,0.6,0.1045,3,152,155
04-02-2011,1,0,2,19,False,5,2,0.24,0.2424,0.65,0.1343,1,102,103
04-02-2011,1,0,2,20,False,5,2,0.24,0.2424,0.65,0.1642,2,69,71
04-02-2011,1,0,2,21,False,5,2,0.24,0.2424,0.7,0.1642,2,41,43
04-02-2011,1,0,2,22,False,5,2,0.24,0.2424,0.65,0.1642,1,45,46
04-02-2011,1,0,2,23,False,5,2,0.24,0.2424,0.7,0.1343,1,30,31
05-02-2011,1,0,2,0,False,6,2,0.24,0.2424,0.7,0.1642,3,36,39
05-02-2011,1,0,2,1,False,6,2,0.24,0.2424,0.65,0.1642,1,17,18
05-02-2011,1,0,2,2,False,6,2,0.24,0.2424,0.75,0.1642,5,12,17
05-02-2011,1,0,2,3,False,6,2,0.24,0.2424,0.75,0.1642,1,10,11
05-02-2011,1,0,2,4,False,6,3,0.22,0.2273,0.93,0.1343,0,8,8
05-02-2011,1,0,2,5,False,6,3,0.2,0.2273,1.0,0.0896,0,9,9
05-02-2011,1,0,2,6,False,6,3,0.2,0.2576,1.0,0.0,0,4,4
05-02-2011,1,0,2,7,False,6,3,0.22,0.2576,0.93,0.0896,0,4,4
05-02-2011,1,0,2,8,False,6,3,0.2,0.2273,1.0,0.0896,0,10,10
05-02-2011,1,0,2,9,False,6,3,0.2,0.2273,1.0,0.0896,3,17,20
05-02-2011,1,0,2,10,False,6,3,0.2,0.2121,1.0,0.1343,3,31,34
05-02-2011,1,0,2,11,False,6,3,0.22,0.2273,1.0,0.1343,1,46,47
05-02-2011,1,0,2,12,False,6,3,0.22,0.2273,1.0,0.1642,10,42,52
05-02-2011,1,0,2,13,False,6,3,0.22,0.2273,1.0,0.1642,10,62,72
05-02-2011,1,0,2,14,False,6,3,0.22,0.2727,1.0,0.0,5,50,55
05-02-2011,1,0,2,15,False,6,3,0.22,0.2727,1.0,0.0,11,49,60
05-02-2011,1,0,2,16,False,6,3,0.22,0.2273,1.0,0.1343,8,63,71
05-02-2011,1,0,2,17,False,6,2,0.24,0.2121,1.0,0.2836,14,64,78
05-02-2011,1,0,2,18,False,6,2,0.28,0.2424,0.93,0.4478,2,81,83
05-02-2011,1,0,2,19,False,6,2,0.28,0.2424,0.93,0.4478,6,78,84
05-02-2011,1,0,2,20,False,6,1,0.3,0.2879,0.87,0.2537,5,64,69
05-02-2011,1,0,2,21,False,6,1,0.26,0.2576,1.0,0.194,3,53,56
05-02-2011,1,0,2,22,False,6,1,0.26,0.2727,0.93,0.1343,2,43,45
05-02-2011,1,0,2,23,False,6,1,0.26,0.2576,0.93,0.2239,7,52,59
06-02-2011,1,0,2,0,False,0,1,0.26,0.2576,0.7,0.194,2,37,39
06-02-2011,1,0,2,1,False,0,1,0.26,0.2273,0.65,0.4179,4,40,44
06-02-2011,1,0,2,2,False,0,1,0.26,0.2273,0.6,0.3284,0,20,20
06-02-2011,1,0,2,3,False,0,1,0.26,0.2879,0.6,0.0896,3,10,13
06-02-2011,1,0,2,4,False,0,1,0.26,0.2273,0.6,0.3582,0,2,2
06-02-2011,1,0,2,5,False,0,1,0.26,0.2576,0.6,0.2239,0,1,1
06-02-2011,1,0,2,6,False,0,1,0.26,0.2576,0.6,0.2239,0,1,1
06-02-2011,1,0,2,7,False,0,1,0.24,0.2424,0.65,0.1642,0,8,8
06-02-2011,1,0,2,8,False,0,1,0.24,0.2576,0.65,0.1045,2,21,23
06-02-2011,1,0,2,9,False,0,1,0.28,0.2879,0.56,0.1045,7,38,45
06-02-2011,1,0,2,10,False,0,1,0.3,0.2879,0.52,0.2537,15,74,89
06-02-2011,1,0,2,11,False,0,1,0.32,0.303,0.49,0.2537,28,89,117
06-02-2011,1,0,2,12,False,0,1,0.34,0.3333,0.46,0.0,48,126,174
06-02-2011,1,0,2,13,False,0,1,0.34,0.3636,0.46,0.0,47,135,182
06-02-2011,1,0,2,14,False,0,1,0.34,0.3485,0.46,0.0896,47,114,161
06-02-2011,1,0,2,15,False,0,1,0.34,0.3485,0.46,0.0896,52,130,182
06-02-2011,1,0,2,16,False,0,1,0.34,0.3485,0.49,0.1045,42,115,157
06-02-2011,1,0,2,17,False,0,1,0.34,0.3636,0.46,0.0,24,97,121
06-02-2011,1,0,2,18,False,0,1,0.3,0.303,0.56,0.1642,13,65,78
06-02-2011,1,0,2,19,False,0,1,0.28,0.2879,0.61,0.1343,1,20,21
06-02-2011,1,0,2,20,False,0,1,0.28,0.2879,0.61,0.1045,5,21,26
06-02-2011,1,0,2,21,False,0,1,0.26,0.303,0.6,0.0,5,22,27
06-02-2011,1,0,2,22,False,0,1,0.26,0.303,0.6,0.0,5,57,62
06-02-2011,1,0,2,23,False,0,1,0.24,0.2879,0.65,0.0,4,26,30
07-02-2011,1,0,2,0,False,1,1,0.24,0.2879,0.65,0.0,1,14,15
07-02-2011,1,0,2,1,False,1,1,0.22,0.2727,0.75,0.0,1,4,5
07-02-2011,1,0,2,2,False,1,1,0.2,0.2576,0.8,0.0,0,3,3
07-02-2011,1,0,2,3,False,1,1,0.2,0.2576,0.86,0.0,0,1,1
07-02-2011,1,0,2,4,False,1,1,0.2,0.2576,0.86,0.0,1,1,2
07-02-2011,1,0,2,5,False,1,1,0.2,0.2576,0.86,0.0,1,9,10
07-02-2011,1,0,2,6,False,1,1,0.18,0.2424,0.93,0.0,1,29,30
07-02-2011,1,0,2,7,False,1,1,0.18,0.2424,0.86,0.0,6,89,95
07-02-2011,1,0,2,8,False,1,2,0.16,0.2273,1.0,0.0,7,223,230
07-02-2011,1,0,2,9,False,1,1,0.22,0.2727,0.8,0.0,3,115,118
07-02-2011,1,0,2,10,False,1,1,0.24,0.2576,0.75,0.1045,6,49,55
07-02-2011,1,0,2,11,False,1,1,0.3,0.3182,0.65,0.0896,11,36,47
07-02-2011,1,0,2,12,False,1,2,0.32,0.3485,0.62,0.0,7,59,66
07-02-2011,1,0,2,13,False,1,2,0.36,0.3636,0.57,0.0896,10,54,64
07-02-2011,1,0,2,14,False,1,2,0.36,0.3636,0.57,0.0896,8,52,60
07-02-2011,1,0,2,15,False,1,2,0.38,0.3939,0.54,0.0896,4,46,50
07-02-2011,1,0,2,16,False,1,2,0.36,0.3485,0.57,0.1343,16,98,114
07-02-2011,1,0,2,17,False,1,2,0.32,0.3182,0.7,0.1642,9,207,216
07-02-2011,1,0,2,18,False,1,2,0.34,0.3333,0.66,0.1343,5,170,175
07-02-2011,1,0,2,19,False,1,2,0.32,0.3485,0.7,0.0,5,123,128
07-02-2011,1,0,2,20,False,1,2,0.32,0.3333,0.7,0.1045,6,82,88
07-02-2011,1,0,2,21,False,1,1,0.32,0.3485,0.7,0.0,3,75,78
07-02-2011,1,0,2,22,False,1,1,0.28,0.303,0.81,0.0896,3,34,37
07-02-2011,1,0,2,23,False,1,2,0.3,0.3333,0.81,0.0,6,19,25
08-02-2011,1,0,2,0,False,2,2,0.28,0.3182,0.87,0.0,4,6,10
08-02-2011,1,0,2,1,False,2,2,0.28,0.3182,0.87,0.0,0,4,4
08-02-2011,1,0,2,2,False,2,2,0.26,0.2727,0.93,0.1045,1,1,2
08-02-2011,1,0,2,3,False,2,3,0.28,0.2727,0.93,0.1642,0,1,1
08-02-2011,1,0,2,4,False,2,1,0.26,0.2576,0.93,0.1642,0,3,3
08-02-2011,1,0,2,5,False,2,1,0.26,0.2273,0.81,0.3284,0,2,2
08-02-2011,1,0,2,6,False,2,1,0.26,0.2273,0.7,0.3284,0,39,39
08-02-2011,1,0,2,7,False,2,1,0.24,0.197,0.65,0.4179,3,97,100
08-02-2011,1,0,2,8,False,2,1,0.24,0.197,0.56,0.4925,7,236,243
08-02-2011,1,0,2,9,False,2,1,0.24,0.197,0.52,0.4925,7,128,135
08-02-2011,1,0,2,10,False,2,1,0.22,0.1818,0.47,0.5522,4,44,48
08-02-2011,1,0,2,11,False,2,1,0.22,0.1818,0.47,0.4627,1,49,50
08-02-2011,1,0,2,12,False,2,1,0.24,0.197,0.38,0.4925,2,63,65
08-02-2011,1,0,2,13,False,2,2,0.24,0.197,0.32,0.4478,2,48,50
08-02-2011,1,0,2,14,False,2,1,0.22,0.197,0.37,0.4179,3,61,64
08-02-2011,1,0,2,15,False,2,1,0.22,0.197,0.35,0.3881,6,45,51
08-02-2011,1,0,2,16,False,2,1,0.22,0.1818,0.35,0.5224,4,79,83
08-02-2011,1,0,2,17,False,2,1,0.22,0.1818,0.32,0.5821,4,172,176
08-02-2011,1,0,2,18,False,2,1,0.2,0.1818,0.32,0.3881,1,151,152
08-02-2011,1,0,2,19,False,2,1,0.16,0.1212,0.4,0.4627,1,100,101
08-02-2011,1,0,2,20,False,2,1,0.16,0.1364,0.4,0.3284,3,53,56
08-02-2011,1,0,2,21,False,2,1,0.14,0.1061,0.33,0.4627,8,46,54
08-02-2011,1,0,2,22,False,2,1,0.12,0.1061,0.33,0.3582,0,29,29
08-02-2011,1,0,2,23,False,2,1,0.12,0.1061,0.33,0.3284,3,9,12
09-02-2011,1,0,2,0,False,3,1,0.1,0.0758,0.36,0.3582,0,17,17
09-02-2011,1,0,2,1,False,3,1,0.1,0.1061,0.36,0.2239,0,7,7
09-02-2011,1,0,2,2,False,3,1,0.08,0.0758,0.38,0.2836,1,2,3
09-02-2011,1,0,2,3,False,3,1,0.06,0.0758,0.45,0.1343,0,2,2
09-02-2011,1,0,2,5,False,3,1,0.06,0.1061,0.45,0.1045,0,7,7
09-02-2011,1,0,2,6,False,3,1,0.06,0.1515,0.45,0.0,0,43,43
09-02-2011,1,0,2,7,False,3,1,0.06,0.1061,0.49,0.1045,4,95,99
09-02-2011,1,0,2,8,False,3,1,0.1,0.1364,0.42,0.0,1,198,199
09-02-2011,1,0,2,9,False,3,1,0.12,0.1364,0.39,0.1642,4,119,123
09-02-2011,1,0,2,10,False,3,1,0.14,0.1818,0.36,0.0,8,51,59
09-02-2011,1,0,2,11,False,3,2,0.14,0.1515,0.43,0.1642,1,40,41
09-02-2011,1,0,2,12,False,3,2,0.18,0.1818,0.4,0.2239,4,57,61
09-02-2011,1,0,2,13,False,3,1,0.18,0.1667,0.4,0.2537,2,67,69
09-02-2011,1,0,2,14,False,3,1,0.2,0.1818,0.34,0.2985,2,56,58
09-02-2011,1,0,2,15,False,3,2,0.2,0.1818,0.34,0.2836,3,61,64
09-02-2011,1,0,2,16,False,3,2,0.2,0.197,0.37,0.2537,7,72,79
09-02-2011,1,0,2,17,False,3,2,0.2,0.197,0.34,0.2537,9,157,166
09-02-2011,1,0,2,18,False,3,2,0.18,0.1667,0.47,0.2985,2,168,170
09-02-2011,1,0,2,19,False,3,3,0.14,0.1212,0.86,0.2537,1,87,88
09-02-2011,1,0,2,20,False,3,3,0.14,0.1515,0.86,0.1642,0,84,84
09-02-2011,1,0,2,21,False,3,2,0.14,0.1515,0.86,0.1642,0,83,83
09-02-2011,1,0,2,22,False,3,3,0.16,0.1667,0.8,0.1642,4,42,46
09-02-2011,1,0,2,23,False,3,3,0.16,0.1515,0.8,0.194,0,37,37
10-02-2011,1,0,2,0,False,4,3,0.14,0.1364,0.86,0.194,0,16,16
10-02-2011,1,0,2,1,False,4,3,0.14,0.1515,0.8,0.1343,0,7,7
10-02-2011,1,0,2,2,False,4,3,0.14,0.1515,0.8,0.1343,0,3,3
10-02-2011,1,0,2,4,False,4,2,0.14,0.1364,0.59,0.2239,0,1,1
10-02-2011,1,0,2,5,False,4,2,0.12,0.1212,0.5,0.2239,0,6,6
10-02-2011,1,0,2,6,False,4,2,0.12,0.1212,0.54,0.2836,0,26,26
10-02-2011,1,0,2,7,False,4,1,0.1,0.0758,0.5,0.4179,0,99,99
10-02-2011,1,0,2,8,False,4,1,0.1,0.0758,0.49,0.3284,5,173,178
10-02-2011,1,0,2,9,False,4,1,0.12,0.1061,0.42,0.3582,1,121,122
10-02-2011,1,0,2,10,False,4,1,0.12,0.1061,0.42,0.2985,1,34,35
10-02-2011,1,0,2,11,False,4,1,0.14,0.1212,0.39,0.3582,1,44,45
10-02-2011,1,0,2,12,False,4,1,0.16,0.1364,0.34,0.3881,4,65,69
10-02-2011,1,0,2,13,False,4,1,0.18,0.1667,0.29,0.2985,3,59,62
10-02-2011,1,0,2,14,False,4,1,0.2,0.1818,0.27,0.2836,6,42,48
10-02-2011,1,0,2,15,False,4,1,0.2,0.197,0.25,0.2537,0,50,50
10-02-2011,1,0,2,16,False,4,1,0.2,0.1818,0.27,0.2985,4,76,80
10-02-2011,1,0,2,17,False,4,1,0.18,0.1818,0.26,0.194,6,159,165
10-02-2011,1,0,2,18,False,4,1,0.16,0.1818,0.28,0.1343,3,157,160
10-02-2011,1,0,2,19,False,4,1,0.14,0.1667,0.28,0.1045,2,110,112
10-02-2011,1,0,2,20,False,4,1,0.14,0.1818,0.31,0.0896,4,93,97
10-02-2011,1,0,2,21,False,4,1,0.14,0.2121,0.39,0.0,2,70,72
10-02-2011,1,0,2,22,False,4,1,0.12,0.197,0.39,0.0,4,47,51
10-02-2011,1,0,2,23,False,4,1,0.12,0.1515,0.42,0.1045,1,33,34
11-02-2011,1,0,2,0,False,5,1,0.1,0.1364,0.49,0.1045,2,12,14
11-02-2011,1,0,2,1,False,5,1,0.1,0.1364,0.54,0.0896,1,6,7
11-02-2011,1,0,2,2,False,5,1,0.1,0.1364,0.54,0.0896,0,3,3
11-02-2011,1,0,2,5,False,5,1,0.08,0.1212,0.63,0.0896,0,4,4
11-02-2011,1,0,2,6,False,5,1,0.1,0.1818,0.68,0.0,1,23,24
11-02-2011,1,0,2,7,False,5,1,0.08,0.1667,0.73,0.0,1,73,74
11-02-2011,1,0,2,8,False,5,1,0.1,0.1212,0.74,0.1642,4,212,216
11-02-2011,1,0,2,9,False,5,1,0.12,0.1212,0.74,0.2239,8,132,140
11-02-2011,1,0,2,10,False,5,1,0.14,0.1364,0.69,0.194,5,39,44
11-02-2011,1,0,2,11,False,5,1,0.22,0.2273,0.47,0.1343,12,52,64
11-02-2011,1,0,2,12,False,5,1,0.22,0.2273,0.47,0.1343,7,64,71
11-02-2011,1,0,2,13,False,5,1,0.24,0.2273,0.35,0.194,21,89,110
11-02-2011,1,0,2,14,False,5,1,0.3,0.2879,0.26,0.2537,17,67,84
11-02-2011,1,0,2,15,False,5,1,0.32,0.3182,0.21,0.1642,12,62,74
11-02-2011,1,0,2,16,False,5,1,0.3,0.2879,0.28,0.194,14,111,125
11-02-2011,1,0,2,17,False,5,1,0.3,0.3333,0.24,0.0,18,193,211
11-02-2011,1,0,2,18,False,5,1,0.28,0.3182,0.28,0.0,9,165,174
11-02-2011,1,0,2,19,False,5,1,0.26,0.303,0.33,0.0,7,94,101
11-02-2011,1,0,2,20,False,5,1,0.22,0.2273,0.55,0.1343,2,61,63
11-02-2011,1,0,2,21,False,5,1,0.2,0.2121,0.59,0.1343,1,46,47
11-02-2011,1,0,2,22,False,5,1,0.2,0.2273,0.64,0.0896,2,41,43
11-02-2011,1,0,2,23,False,5,1,0.18,0.2424,0.69,0.0,5,48,53
12-02-2011,1,0,2,0,False,6,1,0.16,0.197,0.69,0.0896,3,27,30
12-02-2011,1,0,2,1,False,6,1,0.14,0.2121,0.86,0.0,2,22,24
12-02-2011,1,0,2,2,False,6,1,0.14,0.2121,0.8,0.0,2,13,15
12-02-2011,1,0,2,3,False,6,1,0.12,0.197,0.8,0.0,3,7,10
12-02-2011,1,0,2,4,False,6,1,0.12,0.1667,0.74,0.0896,0,4,4
12-02-2011,1,0,2,5,False,6,1,0.12,0.1667,0.74,0.0896,0,1,1
12-02-2011,1,0,2,6,False,6,1,0.12,0.1364,0.93,0.194,1,1,2
12-02-2011,1,0,2,7,False,6,1,0.12,0.1515,0.8,0.1045,2,9,11
12-02-2011,1,0,2,8,False,6,1,0.14,0.1515,0.86,0.1343,2,28,30
12-02-2011,1,0,2,9,False,6,1,0.16,0.1818,0.64,0.1343,5,38,43
12-02-2011,1,0,2,10,False,6,1,0.22,0.2121,0.41,0.2537,13,71,84
12-02-2011,1,0,2,11,False,6,1,0.3,0.2727,0.28,0.3284,30,84,114
12-02-2011,1,0,2,12,False,6,1,0.3,0.2727,0.39,0.4627,27,93,120
12-02-2011,1,0,2,13,False,6,1,0.3,0.2727,0.39,0.4179,32,103,135
12-02-2011,1,0,2,14,False,6,1,0.34,0.3182,0.31,0.2836,30,90,120
12-02-2011,1,0,2,15,False,6,1,0.34,0.303,0.29,0.4179,47,127,174
12-02-2011,1,0,2,16,False,6,1,0.34,0.303,0.29,0.4179,42,103,145
12-02-2011,1,0,2,17,False,6,1,0.32,0.2879,0.31,0.5224,24,113,137
12-02-2011,1,0,2,18,False,6,1,0.28,0.2576,0.38,0.3284,4,60,64
12-02-2011,1,0,2,19,False,6,1,0.28,0.2727,0.38,0.1642,2,39,41
12-02-2011,1,0,2,20,False,6,1,0.26,0.2576,0.41,0.2239,1,39,40
12-02-2011,1,0,2,21,False,6,1,0.26,0.303,0.41,0.0,9,42,51
12-02-2011,1,0,2,22,False,6,1,0.24,0.2576,0.44,0.0896,6,39,45
12-02-2011,1,0,2,23,False,6,1,0.22,0.2273,0.51,0.1343,1,31,32
13-02-2011,1,0,2,0,False,0,1,0.2,0.2273,0.64,0.1045,5,34,39
13-02-2011,1,0,2,1,False,0,1,0.2,0.2273,0.59,0.0896,1,23,24
13-02-2011,1,0,2,2,False,0,2,0.2,0.2273,0.75,0.0896,1,19,20
13-02-2011,1,0,2,3,False,0,2,0.2,0.2273,0.69,0.1045,4,8,12
13-02-2011,1,0,2,4,False,0,2,0.2,0.2121,0.69,0.1642,0,2,2
13-02-2011,1,0,2,6,False,0,2,0.2,0.2121,0.69,0.1343,2,3,5
13-02-2011,1,0,2,7,False,0,2,0.22,0.2727,0.55,0.0,0,3,3
13-02-2011,1,0,2,8,False,0,2,0.22,0.2273,0.64,0.194,1,11,12
13-02-2011,1,0,2,9,False,0,2,0.24,0.2273,0.6,0.2239,12,35,47
13-02-2011,1,0,2,10,False,0,1,0.3,0.2727,0.45,0.3284,19,86,105
13-02-2011,1,0,2,11,False,0,1,0.32,0.2879,0.39,0.4478,26,86,112
13-02-2011,1,0,2,12,False,0,1,0.36,0.3182,0.32,0.4627,58,94,152
13-02-2011,1,0,2,13,False,0,1,0.38,0.3939,0.29,0.3582,62,92,154
13-02-2011,1,0,2,14,False,0,2,0.4,0.4091,0.3,0.4179,51,110,161
13-02-2011,1,0,2,15,False,0,2,0.4,0.4091,0.3,0.2985,40,122,162
13-02-2011,1,0,2,16,False,0,2,0.42,0.4242,0.28,0.3284,28,106,134
13-02-2011,1,0,2,17,False,0,1,0.42,0.4242,0.28,0.3284,30,95,125
13-02-2011,1,0,2,18,False,0,1,0.4,0.4091,0.32,0.2985,17,78,95
13-02-2011,1,0,2,19,False,0,1,0.4,0.4091,0.35,0.2836,11,50,61
13-02-2011,1,0,2,20,False,0,1,0.4,0.4091,0.35,0.3284,15,32,47
13-02-2011,1,0,2,21,False,0,1,0.4,0.4091,0.35,0.3582,6,45,51
13-02-2011,1,0,2,22,False,0,1,0.4,0.4091,0.35,0.2985,5,31,36
13-02-2011,1,0,2,23,False,0,1,0.4,0.4091,0.35,0.3582,3,27,30
14-02-2011,1,0,2,0,False,1,1,0.38,0.3939,0.37,0.3582,3,8,11
14-02-2011,1,0,2,1,False,1,1,0.38,0.3939,0.37,0.3582,1,6,7
14-02-2011,1,0,2,2,False,1,1,0.36,0.3333,0.4,0.2985,0,2,2
14-02-2011,1,0,2,3,False,1,1,0.34,0.3182,0.46,0.2239,1,1,2
14-02-2011,1,0,2,4,False,1,1,0.32,0.303,0.53,0.2836,0,2,2
14-02-2011,1,0,2,5,False,1,1,0.32,0.303,0.53,0.2836,0,3,3
14-02-2011,1,0,2,6,False,1,1,0.34,0.303,0.46,0.2985,1,25,26
14-02-2011,1,0,2,7,False,1,1,0.34,0.303,0.46,0.2985,2,96,98
28-01-2011,1,0,1,16,False,5,1,0.22,0.2727,0.8,0.0,10,70,80
28-01-2011,1,0,1,17,False,5,1,0.24,0.2424,0.75,0.1343,2,147,149
28-01-2011,1,0,1,18,False,5,1,0.24,0.2273,0.75,0.194,2,107,109
28-01-2011,1,0,1,19,False,5,2,0.24,0.2424,0.75,0.1343,5,84,89
28-01-2011,1,0,1,20,False,5,2,0.24,0.2273,0.7,0.194,1,61,62
28-01-2011,1,0,1,21,False,5,2,0.22,0.2273,0.75,0.1343,1,57,58
28-01-2011,1,0,1,22,False,5,1,0.24,0.2121,0.65,0.3582,0,26,26
28-01-2011,1,0,1,23,False,5,1,0.24,0.2273,0.6,0.2239,1,22,23
29-01-2011,1,0,1,0,False,6,1,0.22,0.197,0.64,0.3582,2,26,28
